全国地方公共団体コード,ID,地方公共団体名,名称,名称_カナ,名称_英語,所在地_全国地方公共団体コード,町字ID,所在地_連結表記,所在地_都道府県,所在地_市区町村,所在地_町字,所在地_番地以下,建物名等(方書),設置位置,緯度,経度,高度の種別,高度の値,男性トイレ総数,男性トイレ数（小便器）,男性トイレ数（和式）,男性トイレ数（洋式）,女性トイレ総数,女性トイレ数（和式）,女性トイレ数（洋式）,男女共用トイレ総数,男女共用トイレ数（和式）,男女共用トイレ数（洋式）,バリアフリートイレ数,車椅子使用者用トイレ有無,乳幼児用設備設置トイレ有無,オストメイト設置トイレ有無,利用開始時間,利用終了時間,利用可能時間特記事項,画像,画像_ライセンス,備考
222127,1,静岡県焼津市,ふるさとの川瀬戸川便益施設,フルサトノカワセトガワベンエキシセツ,,222127,,静岡県焼津市駅北5丁目2-11,静岡県,焼津市,駅北5丁目,2-11,,施設内,34.8760119,138.3207625,,,3,2,0,1,2,0,2,0,0,0,0,有,無,無,,,,,,
222127,2,静岡県焼津市,原浜海岸トイレ,ハラハマカイガントイレ,,222127,,静岡県焼津市田尻1535-1,静岡県,焼津市,田尻,1535-1,,緯度経度を確認,34.8272517,138.3348893,,,4,3,0,1,2,0,2,0,0,0,1,有,有,無,,,,,,
222127,3,静岡県焼津市,吉永海岸トイレ,ヨシナガカイガントイレ,,222127,,静岡県焼津市吉永（官有無番地）,静岡県,焼津市,吉永（官有無番地）,,,緯度経度を確認,34.7904097,138.3061103,,,4,3,1,0,3,3,0,0,0,0,0,無,無,無,,,,,,
222127,4,静岡県焼津市,高新田海岸トイレ,タカシンデンカイガントイレ,,222127,,静岡県焼津市高新田2460-3,静岡県,焼津市,高新田,2460-3,,緯度経度を確認,34.7936031,138.3084196,,,2,2,0,0,0,0,0,2,0,2,0,有,無,無,,,,,,
222127,5,静岡県焼津市,大井川河口野鳥園トイレ,オオイガワカコウヤチョウエントイレ,,222127,,静岡県焼津市飯淵2036大井川河口野鳥園,静岡県,焼津市,飯淵,2036,大井川河口野鳥園,緯度経度を確認,34.7716527,138.2971483,,,3,2,1,0,2,2,0,0,0,0,1,有,無,無,,,,,,
222127,6,静岡県焼津市,吉津観光トイレ,ヨシヅカンコウトイレ,,222127,,静岡県焼津市吉津14-3,静岡県,焼津市,吉津,14-3,,緯度経度を確認,34.901641,138.3298686,,,3,2,1,0,2,2,0,0,0,0,1,有,無,無,,,,,,
222127,7,静岡県焼津市,坂本観光トイレ,サカモトカンコウトイレ,,222127,,静岡県焼津市坂本1373-4,静岡県,焼津市,坂本,1373-4,,緯度経度を確認,34.8940425,138.3154811,,,3,2,1,0,2,2,0,0,0,0,1,有,無,無,,,,,,
222127,8,静岡県焼津市,浜当目山側トイレ,ハマトウメヤマガワトイレ,,222127,,静岡県焼津市浜当目3-1731-1-1,静岡県,焼津市,浜当目,3-1731-1-1,,緯度経度を確認,34.8801904,138.3361879,,,3,2,1,0,2,2,0,0,0,0,1,有,無,無,,,,,,
222127,9,静岡県焼津市,浜当目亀トイレ,ハマトウメカメトイレ,,222127,,静岡県焼津市浜当目3-1739-2,静岡県,焼津市,浜当目,3-1739-2,,緯度経度を確認,34.8782596,138.3337122,,,3,2,1,0,2,0,2,0,0,0,1,有,無,無,,,,,,
222127,10,静岡県焼津市,石脇観光トイレ,イシワキカンコウトイレ,,222127,,静岡県焼津市石脇上592-1,静岡県,焼津市,石脇上,592-1,,緯度経度を確認,34.8921116,138.3227085,,,3,2,1,0,2,2,0,0,0,0,1,有,無,無,,,,,,
222127,11,静岡県焼津市,花沢地区ビジターセンタートイレ,ハナザワチクビジターセンタートイレ,,222127,,静岡県焼津市花沢33花沢地区ビジターセンター,静岡県,焼津市,花沢,33,花沢地区ビジターセンター,外便所棟,34.9049832,138.3301049,,,0,0,0,0,1,0,1,1,0,1,0,無,無,無,,,,,,
222127,12,静岡県焼津市,笛吹段公園トイレ,フエフキダンコウエントイレ,,222127,,静岡県焼津市坂本1617-1笛吹段公園,静岡県,焼津市,坂本,1617-1,笛吹段公園,南西,34.8993427,138.3183926,,,1,0,0,1,1,0,1,0,0,0,0,無,無,無,,,,,,
222127,13,静岡県焼津市,黒石川雨水幹線水緑モデルトイレ,クロイシガワウスイカンセンミズミドリモデルトイレ,,222127,,静岡県焼津市鰯ケ島,静岡県,焼津市,鰯ケ島,,,河川の横,34.85733,138.32233,階,1,2,1,1,0,1,1,0,0,0,0,0,無,無,有,,,,,,
222127,14,静岡県焼津市,汐入下水処理場緑地トイレ,シオイリゲスイショリジョウリョクチトイレ,,222127,,静岡県焼津市小川3808地先（3803-3番地ほか）,静岡県,焼津市,小川,3808地先（3803-3番地ほか）,,下水処理場周辺緑地内,34.8537,138.32291,階,1,5,4,1,0,3,2,1,0,0,0,0,無,無,無,,,,,,
222127,15,静岡県焼津市,ディスカバリーパーク焼津　屋外トイレ,ディスカバリーパークヤイヅ　オクガイトイレ,,222127,,静岡県焼津市田尻2968-1ディスカバリーパーク焼津,静岡県,焼津市,田尻,2968-1,ディスカバリーパーク焼津,広場内,34.8227875,138.3315825,,,3,2,1,0,2,2,0,0,0,0,1,有,無,無,,,,,,
222127,16,静岡県焼津市,大井川港港湾会館１階屋外トイレ,オオイガワコウコウワンカイカンイッカイオクガイトイレ,,222127,,静岡県焼津市飯淵2160大井川港港湾会館,静岡県,焼津市,飯淵,2160,大井川港港湾会館,１階屋外,34.779888,138.2974809,階,1,2,1,0,1,2,0,2,1,0,1,1,有,無,無,,,,,,
222127,17,静岡県焼津市,大井川港緑地公園トイレ,オオイガワコウリョクチコウエントイレ,,222127,,静岡県焼津市飯淵1970,静岡県,焼津市,飯淵,1970,,公園内,34.7852456,138.2911885,,,3,2,1,0,2,1,1,1,0,1,1,有,有,無,,,,,,
222127,18,静岡県焼津市,焼津駅北口トイレ,ヤイヅエキキタグチトイレ,,222127,,静岡県焼津市栄町1-1,静岡県,焼津市,栄町,1-1,,エレベーター横,34.8725296,138.3181031,階,1,3,2,1,0,2,1,1,0,0,0,1,有,有,無,,,,,,
222127,19,静岡県焼津市,西焼津駅北口トイレ,ニシヤイヅエキキタグチトイレ,,222127,,静岡県焼津市西焼津13-5,静岡県,焼津市,西焼津,13-5,,エレベーター横,34.8599392,138.2854392,階,1,3,2,0,1,2,2,0,0,0,0,1,有,無,無,,,,,,
222127,20,静岡県焼津市,石津浜公園南駐車場,イシヅハマコウエンミナミチュウシャジョウ,,222127,,静岡県焼津市石津2420,静岡県,焼津市,石津,2420,,南駐車場,34.8388711,138.335889,,,4,3,0,1,2,0,2,0,0,0,0,有,有,無,,,24時間利用可能,,,
222127,21,静岡県焼津市,石津浜公園サッカー場,イシヅハマコウエンサッカージョウ,,222127,,静岡県焼津市石津2420,静岡県,焼津市,石津,2420,,サッカー場,34.8441068,138.3321596,,,6,5,1,0,2,2,0,0,0,0,0,無,無,無,,,24時間利用可能,,,
222127,22,静岡県焼津市,石津浜公園ゲートボール場,イシヅハマコウエンゲートボールジョウ,,222127,,静岡県焼津市石津2420,静岡県,焼津市,石津,2420,,ゲートボール場,34.841379,138.3347921,,,3,2,1,0,2,2,0,0,0,0,0,無,無,無,,,24時間利用可能,,,
222127,23,静岡県焼津市,石津浜公園汲取り,イシヅハマコウエンクミトリ,,222127,,静岡県焼津市石津2420,静岡県,焼津市,石津,2420,,防災タワー横,34.8453458,138.3311769,,,1,1,0,0,0,0,0,1,1,0,0,無,無,無,,,24時間利用可能,,,
222127,24,静岡県焼津市,元焼津公園相撲場,モトヤイヅコウエンスモウジョウ,,222127,,静岡県焼津市焼津二丁目7,静岡県,焼津市,焼津二丁目,7,,相撲場横,34.8643082,138.3137306,,,3,2,1,0,2,2,0,0,0,0,0,無,無,無,,,24時間利用可能,,,
222127,25,静岡県焼津市,元焼津公園グラウンド側,モトヤイヅコウエングラウンドガワ,,222127,,静岡県焼津市焼津二丁目7,静岡県,焼津市,焼津二丁目,7,,グラウンド横,34.8655876,138.313601,,,3,2,1,0,2,2,0,0,0,0,1,有,無,無,,,24時間利用可能,,,
222127,26,静岡県焼津市,塩津公園,シオツコウエン,,222127,,静岡県焼津市栄町六丁目10,静岡県,焼津市,栄町六丁目,10,,公園内,34.8702883,138.3147182,,,2,1,1,0,1,1,0,0,0,0,0,無,無,無,,,24時間利用可能,,,
222127,27,静岡県焼津市,田尻北公園,タジリキタコウエン,,222127,,静岡県焼津市田尻北1284,静岡県,焼津市,田尻北,1284,,公園内,34.8321868,138.3333796,,,4,3,1,0,2,2,0,0,0,0,0,無,無,無,,,24時間利用可能,,,
222127,28,静岡県焼津市,石脇公園,イシワキコウエン,,222127,,静岡県焼津市石脇上77,静岡県,焼津市,石脇上,77,,公園内,34.8869254,138.3173293,,,2,1,1,0,1,1,0,0,0,0,1,有,有,無,,,24時間利用可能,,,
222127,29,静岡県焼津市,赤塚川公園Ａ,アカツカガワコウエンエー,,222127,,静岡県焼津市焼津三丁目12-4,静岡県,焼津市,焼津三丁目,12-4,,公園内,34.8626441,138.3089125,,,3,2,1,0,2,2,0,0,0,0,0,無,無,無,,,24時間利用可能,,,
222127,30,静岡県焼津市,赤塚川公園Ｂ,アカツカガワコウエンビー,,222127,,静岡県焼津市焼津三丁目12-4,静岡県,焼津市,焼津三丁目,12-4,,公園内,34.8626177,138.3089742,,,0,0,0,0,0,0,0,0,0,0,1,有,無,無,,,24時間利用可能,,,
222127,31,静岡県焼津市,中公園,ナカコウエン,,222127,,静岡県焼津市駅北五丁目10,静岡県,焼津市,駅北五丁目,10,,公園内,34.8759877,138.3237961,,,2,1,0,1,1,1,0,0,0,0,1,有,有,無,,,24時間利用可能,,,
222127,32,静岡県焼津市,中根公園,ナカネコウエン,,222127,,静岡県焼津市中根新田49-1,静岡県,焼津市,中根新田,49-1,,公園内,34.8386121,138.2986279,,,2,1,0,1,1,0,1,0,0,0,0,無,有,無,,,24時間利用可能,,,
222127,33,静岡県焼津市,上荒田公園,カミアラタコウエン,,222127,,静岡県焼津市西小川二丁目36,静岡県,焼津市,西小川二丁目,36,,公園内,34.8605819,138.3086269,,,4,3,1,0,2,2,0,0,0,0,0,無,無,無,,,24時間利用可能,,,
222127,34,静岡県焼津市,小石川公園,コイシカワコウエン,,222127,,静岡県焼津市栄町一丁目9,静岡県,焼津市,栄町一丁目,9,,公園内,34.8709564,138.3164879,,,2,2,0,0,0,0,0,1,1,0,0,無,無,無,,,24時間利用可能,,,
222127,35,静岡県焼津市,青峰公園,アオミネコウエン,,222127,,静岡県焼津市鰯ヶ島251,静岡県,焼津市,鰯ヶ島,251,,公園内,34.8552308,138.3237714,,,3,2,0,1,1,0,1,0,0,0,0,無,有,無,,,24時間利用可能,,,
222127,36,静岡県焼津市,駅前小公園,エキマエショウコウエン,,222127,,静岡県焼津市栄町四丁目6,静岡県,焼津市,栄町四丁目,6,,公園内,34.8698731,138.3188412,,,2,2,0,0,0,0,0,1,1,0,0,無,無,無,,,24時間利用可能,,,
222127,37,静岡県焼津市,松原公園,マツバラコウエン,,222127,,静岡県焼津市田尻北698,静岡県,焼津市,田尻北,698,,公園内,34.8359339,138.3308959,,,2,1,0,1,1,0,1,0,0,0,0,無,有,無,,,24時間利用可能,,,
222127,38,静岡県焼津市,小川北公園,コガワキタコウエン,,222127,,静岡県焼津市西小川一丁目29,静岡県,焼津市,西小川一丁目,29,,公園内,34.8612983,138.3121446,,,1,1,0,0,0,0,0,1,1,0,0,無,無,無,,,24時間利用可能,,,
222127,39,静岡県焼津市,港公園,ミナトコウエン,,222127,,静岡県焼津市石津港町42-1,静岡県,焼津市,石津港町,42-1,,公園内,34.8413308,138.3294623,,,1,1,0,0,0,0,0,1,1,0,0,無,無,無,,,24時間利用可能,,,
222127,40,静岡県焼津市,牛田橋公園,ウシダバシコウエン,,222127,,静岡県焼津市大栄町三丁目3-1,静岡県,焼津市,大栄町三丁目,3-1,,公園内,34.8761956,138.3115022,,,3,2,0,1,2,0,2,0,0,0,1,有,無,無,,,24時間利用可能,,,
222127,41,静岡県焼津市,小川公園,コガワコウエン,,222127,,静岡県焼津市小川2718,静岡県,焼津市,小川,2718,,公園内,34.8493071,138.3137619,,,4,3,0,1,2,0,2,0,0,0,0,無,有,無,,,24時間利用可能,,,
222127,42,静岡県焼津市,石津中央公園,イシヅチュウオウコウエン,,222127,,静岡県焼津市石津中町13－1,静岡県,焼津市,石津中町,13－1,,公園内,34.8413737,138.3258748,,,3,2,1,0,2,2,0,0,0,0,0,無,無,無,,,24時間利用可能,,,
222127,43,静岡県焼津市,前の川公園,マエノカワコウエン,,222127,,静岡県焼津市石津向町2-1,静岡県,焼津市,石津向町,2-1,,公園内,34.8435246,138.3208471,,,3,2,1,0,2,2,0,0,0,0,0,無,無,無,,,24時間利用可能,,,
222127,44,静岡県焼津市,本郷公園,ホンゴウコウエン,,222127,,静岡県焼津市大村一丁目4,静岡県,焼津市,大村一丁目,4,,公園内,34.8748225,138.3087918,,,4,3,1,0,2,2,0,0,0,0,0,無,無,無,,,24時間利用可能,,,
222127,45,静岡県焼津市,焼津北公園,ヤイヅキタコウエン,,222127,,静岡県焼津市駅北二丁目5-6,静岡県,焼津市,駅北二丁目,5-6,,公園内,34.8726077,138.316188,,,3,2,1,0,2,2,0,0,0,0,1,有,無,無,,,24時間利用可能,,,
222127,46,静岡県焼津市,大村公園,オオムラコウエン,,222127,,静岡県焼津市大栄町一丁目10-1,静岡県,焼津市,大栄町一丁目,10-1,,公園内,34.8710662,138.3129734,,,4,3,1,0,2,2,0,0,0,0,0,無,無,無,,,24時間利用可能,,,
222127,47,静岡県焼津市,石津岡公園,イシヅオカコウエン,,222127,,静岡県焼津市石津向町24-1,静岡県,焼津市,石津向町,24-1,,公園内,34.8411217,138.3197728,,,3,2,1,0,2,2,0,0,0,0,1,有,無,無,,,24時間利用可能,,,
222127,48,静岡県焼津市,保福島公園,ホフクジマコウエン,,222127,,静岡県焼津市保福島1,静岡県,焼津市,保福島,1,,公園内,34.8670588,138.2775575,,,1,1,0,0,0,0,0,1,0,1,0,無,無,無,,,24時間利用可能,,,
222127,49,静岡県焼津市,浜ノ堀緑地,ハマノホリリョクチ,,222127,,静岡県焼津市本町四丁目909-8,静岡県,焼津市,本町四丁目,909-8,,公園内,34.8636663,138.3223464,,,2,1,1,0,1,1,0,0,0,0,0,無,無,無,,,24時間利用可能,,,
222127,50,静岡県焼津市,左口森公園,サグチモリコウエン,,222127,,静岡県焼津市小川新町四丁目1888,静岡県,焼津市,小川新町四丁目,1888,,公園内,34.8541762,138.319592,,,2,1,1,0,1,1,0,0,0,0,1,有,無,無,,,24時間利用可能,,,
222127,51,静岡県焼津市,宮の森公園,ミヤノモリコウエン,,222127,,静岡県焼津市大村三丁目7-2,静岡県,焼津市,大村三丁目,7-2,,公園内,34.8738983,138.3065656,,,5,3,1,1,3,2,1,0,0,0,0,無,無,無,,,24時間利用可能,,,
222127,52,静岡県焼津市,竪小路公園,タテコウジコウエン,,222127,,静岡県焼津市西小川三丁目71,静岡県,焼津市,西小川三丁目,71,,公園内,34.8570747,138.3086953,,,3,2,1,0,2,1,1,0,0,0,1,有,無,無,,,24時間利用可能,,,
222127,53,静岡県焼津市,新屋公園,アラヤコウエン,,222127,,静岡県焼津市本町二丁目11-1,静岡県,焼津市,本町二丁目,11-1,,公園内,34.8668981,138.3245739,,,2,1,1,0,1,1,0,0,0,0,0,無,無,無,,,24時間利用可能,,,
222127,54,静岡県焼津市,八反田公園,ハッタンダコウエン,,222127,,静岡県焼津市東小川三丁目1238-2,静岡県,焼津市,東小川三丁目,1238-2,,公園内,34.8566895,138.3161196,,,2,1,1,0,1,1,0,0,0,0,0,無,無,無,,,24時間利用可能,,,
222127,55,静岡県焼津市,八楠公園,ヤグスコウエン,,222127,,静岡県焼津市八楠四丁目4-41,静岡県,焼津市,八楠四丁目,4-41,,公園内,34.8805029,138.3013447,,,3,2,1,0,2,2,0,0,0,0,1,有,無,無,,,24時間利用可能,,,
222127,56,静岡県焼津市,清見田公園防災倉庫側,キヨミタコウエンボウサイソウコガワ,,222127,,静岡県焼津市三ケ名1626,静岡県,焼津市,三ケ名,1626,,防災倉庫横,34.8662192,138.3057727,,,3,2,1,0,2,2,0,0,0,0,1,有,無,無,,,24時間利用可能,,,
222127,57,静岡県焼津市,清見田公園高架側,キヨミタコウエンコウカガワ,,222127,,静岡県焼津市三ケ名1626,静岡県,焼津市,三ケ名,1626,,芝生広場横,34.8654919,138.3067158,,,2,1,0,1,1,1,0,0,0,0,1,有,有,無,,,24時間利用可能,,,
222127,58,静岡県焼津市,小川一丁田公園,コガワイッチョウダコウエン,,222127,,静岡県焼津市西小川五丁目96,静岡県,焼津市,西小川五丁目,96,,公園内,34.8586028,138.3047604,,,2,1,1,0,1,1,0,0,0,0,1,有,有,無,,,24時間利用可能,,,
222127,59,静岡県焼津市,加茂公園,カモコウエン,,222127,,静岡県焼津市八楠一丁目4-41,静岡県,焼津市,八楠一丁目,4-41,,公園内,34.8831674,138.3040591,,,2,1,1,0,1,1,0,0,0,0,0,無,無,無,,,24時間利用可能,,,
222127,60,静岡県焼津市,中港公園,ナカミナトコウエン,,222127,,静岡県焼津市中港五丁目463,静岡県,焼津市,中港五丁目,463,,公園内,34.8752005,138.3269583,,,2,1,1,0,1,1,0,0,0,0,0,無,無,無,,,24時間利用可能,,,
222127,61,静岡県焼津市,栃山川自然生態観察公園,トチヤマガワシゼンセイタイカンサツコウエン,,222127,,静岡県焼津市中根新田1470,静岡県,焼津市,中根新田,1470,,公園内,34.8266957,138.2868594,,,3,2,1,0,2,2,0,0,0,0,1,有,無,無,,,24時間利用可能,,,
222127,62,静岡県焼津市,栃山川緑地公園,トチヤマガワリョクチコウエン,,222127,,静岡県焼津市大島228-2,静岡県,焼津市,大島,228-2,,公園内,34.8256389,138.2887584,,,2,1,1,0,1,1,0,0,0,0,0,無,無,無,,,24時間利用可能,,,
222127,63,静岡県焼津市,八楠一丁田公園,ヤグスイッチョウダコウエン,,222127,,静岡県焼津市八楠二丁目4-51,静岡県,焼津市,八楠二丁目,4-51,,公園内,34.8828759,138.3081789,,,2,1,1,0,1,1,0,0,0,0,0,無,無,無,,,24時間利用可能,,,
222127,64,静岡県焼津市,宮前公園,ミヤマエコウエン,,222127,,静岡県焼津市東小川五丁目49,静岡県,焼津市,東小川五丁目,49,,公園内,34.8565399,138.3110288,,,2,1,0,1,1,0,1,0,0,0,0,無,有,無,,,24時間利用可能,,,
222127,65,静岡県焼津市,高松公園,タカマツコウエン,,222127,,静岡県焼津市東小川七丁目64,静岡県,焼津市,東小川七丁目,64,,公園内,34.8513894,138.3149569,,,2,1,1,0,1,1,0,0,0,0,1,有,有,無,,,24時間利用可能,,,
222127,66,静岡県焼津市,芝原公園,シバハラコウエン,,222127,,静岡県焼津市西小川四丁目51,静岡県,焼津市,西小川四丁目,51,,公園内,34.8546756,138.3077417,,,2,1,1,0,1,1,0,0,0,0,1,有,無,無,,,24時間利用可能,,,
222127,67,静岡県焼津市,柳公園,ヤナギコウエン,,222127,,静岡県焼津市西焼津18-4,静岡県,焼津市,西焼津,18-4,,公園内,34.8598963,138.2864289,,,3,2,1,0,2,2,0,0,0,0,0,無,有,無,,,24時間利用可能,,,
222127,68,静岡県焼津市,蔵小路公園,クラコウジコウエン,,222127,,静岡県焼津市東小川六丁目60,静岡県,焼津市,東小川六丁目,60,,公園内,34.8537028,138.3102576,,,3,2,0,1,1,0,1,0,0,0,0,無,有,無,,,24時間利用可能,,,
222127,69,静岡県焼津市,小屋敷公園,コヤシキコウエン,,222127,,静岡県焼津市西焼津4-19,静岡県,焼津市,西焼津,4-19,,公園内,34.8609057,138.2872183,,,2,1,1,0,1,1,0,0,0,0,1,有,無,無,,,24時間利用可能,,,
222127,70,静岡県焼津市,みどりヶ丘公園,ミドリガオカコウエン,,222127,,静岡県焼津市大村2丁目4-83,静岡県,焼津市,大村2丁目,4-83,,公園内,34.869836,138.3076854,,,2,1,0,1,1,0,1,0,0,0,0,無,有,無,,,24時間利用可能,,,
222127,71,静岡県焼津市,横須賀公園,ヨコスカコウエン,,222127,,静岡県焼津市田尻2492,静岡県,焼津市,田尻,2492,,公園内,34.8240039,138.3282281,,,2,1,0,1,1,0,1,0,0,0,0,無,有,無,,,24時間利用可能,,,
222127,72,静岡県焼津市,石津西公園西園,イシヅニシエンコウエンニシエン,,222127,,静岡県焼津市石津421-3,静岡県,焼津市,石津,421-3,,西園内,34.8416071,138.3127883,,,4,3,0,1,3,0,3,0,0,0,0,無,有,無,,,24時間利用可能,,,
222127,73,静岡県焼津市,石津西公園東園,イシヅニシエンコウエンヒガシエン,,222127,,静岡県焼津市石津421-3,静岡県,焼津市,石津,421-3,,東園内,34.8421574,138.3155349,,,4,3,0,1,3,0,3,0,0,0,0,無,有,無,,,24時間利用可能,,,
222127,74,静岡県焼津市,天王の杜公園,テンノウノモリコウエン,,222127,,静岡県焼津市焼津五丁目636-15,静岡県,焼津市,焼津五丁目,636-15,,公園内,34.862304,138.3186972,,,2,1,0,1,1,0,1,0,0,0,0,無,有,無,,,24時間利用可能,,,
222127,75,静岡県焼津市,大覚寺公園東園,ダイカクジコウエンヒガシエン,,222127,,静岡県焼津市大覚寺三丁目3,静岡県,焼津市,大覚寺三丁目,3,,東園内,34.874773,138.3029687,,,4,3,0,1,3,0,3,0,0,0,0,無,有,無,,,24時間利用可能,,,
222127,76,静岡県焼津市,大覚寺公園西園,ダイカクジコウエンニシエン,,222127,,静岡県焼津市大覚寺三丁目3,静岡県,焼津市,大覚寺三丁目,3,,西園内,34.8743307,138.3014385,,,4,3,0,1,3,0,3,0,0,0,0,無,有,無,,,24時間利用可能,,,
222127,77,静岡県焼津市,下小杉児童公園,シモコスギジドウコウエン,,222127,,静岡県焼津市下小杉480-1,静岡県,焼津市,下小杉,480-1,,公園内,34.8111406,138.3118773,,,0,0,0,0,0,0,0,1,1,0,0,無,無,無,,,24時間利用可能,,,
222127,78,静岡県焼津市,上小杉住生協公園,カミコスギジュウセイキョウコウエン,,222127,,静岡県焼津市上小杉887-95,静岡県,焼津市,上小杉,887-95,,公園内,34.8198201,138.2884133,,,0,0,0,0,0,0,0,1,1,0,0,無,無,無,,,24時間利用可能,,,
222127,79,静岡県焼津市,宗高児童公園,ムナタカジドウコウエン,,222127,,静岡県焼津市宗高384-1,静岡県,焼津市,宗高,384-1,,公園内,34.8059166,138.2898939,,,0,0,0,0,0,0,0,1,0,1,0,無,無,無,,,24時間利用可能,,,
222127,80,静岡県焼津市,高新田児童公園,タカシンデンジドウコウエン,,222127,,静岡県焼津市高新田2170-3,静岡県,焼津市,高新田,2170-3,,公園内,34.7996851,138.3089234,,,0,0,0,0,0,0,0,1,1,0,0,無,無,無,,,24時間利用可能,,,
222127,81,静岡県焼津市,上小杉児童公園,カミコスギジドウコウエン,,222127,,静岡県焼津市上小杉111-4,静岡県,焼津市,上小杉,111-4,,公園内,34.8155548,138.2851979,,,0,0,0,0,0,0,0,1,1,0,0,無,無,無,,,24時間利用可能,,,
222127,82,静岡県焼津市,下江留ふれあい公園,シモエドメフレアイコウエン,,222127,,静岡県焼津市下江留1063-1,静岡県,焼津市,下江留,1063-1,,公園内,34.8045065,138.2734028,,,0,0,0,0,0,0,0,1,1,0,0,無,無,無,,,24時間利用可能,,,
222127,83,静岡県焼津市,富士見公園,フジミコウエン,,222127,,静岡県焼津市上泉352-3,静岡県,焼津市,上泉,352-3,,公園内,34.8111761,138.2541271,,,0,0,0,0,0,0,0,1,1,0,0,無,無,無,,,24時間利用可能,,,
222127,84,静岡県焼津市,臨港北公園,リンコウキタコウエン,,222127,,静岡県焼津市利右衛門1696-9,静岡県,焼津市,利右衛門,1696-9,,公園内,34.7875483,138.2962747,,,0,0,0,0,0,0,0,1,1,0,0,無,無,無,,,24時間利用可能,,,
222127,85,静岡県焼津市,臨港南公園,リンコウミナミコウエン,,222127,,静岡県焼津市利右衛門1623-9,静岡県,焼津市,利右衛門,1623-9,,公園内,34.7850518,138.2984439,,,1,1,0,0,0,0,0,0,0,0,1,有,無,無,,,24時間利用可能,,,
222127,86,静岡県焼津市,上新田北公園,カミシンデンキタコウエン,,222127,,静岡県焼津市上新田110-1,静岡県,焼津市,上新田,110-1,,公園内,34.8211685,138.2626232,,,0,0,0,0,0,0,0,1,1,0,0,無,無,無,,,24時間利用可能,,,
222127,87,静岡県焼津市,高新田平公園,タカシンデンダイラコウエン,,222127,,静岡県焼津市高新田2326-1,静岡県,焼津市,高新田,2326-1,,公園内,34.801432,138.3114325,,,2,1,1,0,1,1,0,0,0,0,1,有,有,無,,,24時間利用可能,,,
222127,88,静岡県焼津市,宗高さくら公園,ムナタカサクラコウエン,,222127,,静岡県焼津市宗高1207-4,静岡県,焼津市,宗高,1207-4,,公園内,34.8076432,138.2866006,,,3,2,1,0,0,0,0,0,0,0,1,有,有,無,,,24時間利用可能,,,
222127,89,静岡県焼津市,えづみ公園,エヅミコウエン,,222127,,静岡県焼津市下江留1893,静岡県,焼津市,下江留,1893,,公園内,34.8104374,138.2699391,,,0,0,0,0,0,0,0,1,0,1,0,無,有,無,,,24時間利用可能,,,
222127,90,静岡県焼津市,宗高中央公園,ムナタカチュウオウコウエン,,222127,,静岡県焼津市宗高810-4,静岡県,焼津市,宗高,810-4,,公園内,34.8034359,138.2858112,,,3,2,1,0,0,0,0,0,0,0,1,有,有,無,,,24時間利用可能,,,
222127,91,静岡県焼津市,上新田公園,カミシンデンコウエン,,222127,,静岡県焼津市上新田818-1,静岡県,焼津市,上新田,818-1,,公園内,34.8180167,138.2702656,,,2,2,0,0,1,0,1,0,0,0,1,有,有,無,,,24時間利用可能,,,
222127,92,静岡県焼津市,上泉公園,カミイヅミコウエン,,222127,,静岡県焼津市上泉705-1,静岡県,焼津市,上泉,705-1,,公園内,34.8165636,138.2547307,,,2,1,0,1,1,0,1,0,0,0,0,無,有,無,,,24時間利用可能,,,
222127,93,静岡県焼津市,大島中央公園,オオジマチュウオウコウエン,,222127,,静岡県焼津市大島647-6,静岡県,焼津市,大島,647-6,,公園内,34.8216691,138.2903736,,,2,1,0,1,1,0,1,0,0,0,0,無,有,無,,,24時間利用可能,,,
222127,94,静岡県焼津市,秋葉公園,アキハコウエン,,222127,,静岡県焼津市大村二丁目4-64,静岡県,焼津市,大村二丁目,4-64,,公園内,34.8724514,138.3092827,,,2,1,0,1,1,0,1,0,0,0,0,無,有,無,,,24時間利用可能,,,
222127,95,静岡県焼津市,与惣次公園,ヨソウジコウエン,,222127,,静岡県焼津市与惣次98,静岡県,焼津市,与惣次,98,,公園内,34.8442953,138.309788,,,2,1,0,1,1,0,1,0,0,0,0,無,有,無,,,24時間利用可能,,,
222127,96,静岡県焼津市,大覚寺２号公園,ダイカクジニゴウコウエン,,222127,,静岡県焼津市大覚寺二丁目4,静岡県,焼津市,大覚寺二丁目,4,,公園内,34.874226,138.2969738,,,2,1,0,1,1,0,1,0,0,0,0,無,有,無,,,24時間利用可能,,,
222127,97,静岡県焼津市,河原富士見公園,カワラフジミコウエン,,222127,,静岡県焼津市中根新田1360,静岡県,焼津市,中根新田,1360,,公園内,34.8277075,138.28904,,,2,1,0,1,1,0,1,0,0,0,0,無,有,無,,,24時間利用可能,,,
222127,98,静岡県焼津市,東小川１号公園,ヒガシコガワイチゴウコウエン,,222127,,静岡県焼津市東小川四丁目17,静岡県,焼津市,東小川四丁目,17,,公園内,34.8528653,138.3154289,,,2,1,0,1,1,0,1,0,0,0,0,無,有,無,,,24時間利用可能,,,
222127,99,静岡県焼津市,大覚寺１号公園,ダイカクジイチゴウコウエン,,222127,,静岡県焼津市大覚寺一丁目4,静岡県,焼津市,大覚寺一丁目,4,,公園内,34.8769087,138.2995607,,,2,1,0,1,1,0,1,0,0,0,0,無,有,無,,,24時間利用可能,,,
222127,100,静岡県焼津市,北道原公園,キタドウバラコウエン,,222127,,静岡県焼津市道原1065-1,静岡県,焼津市,道原,1065-1,,公園内,34.8440167,138.3060082,,,1,1,0,0,0,0,0,1,0,1,0,無,有,無,,,24時間利用可能,,,
222127,101,静岡県焼津市,北川原公園,キタカワハラコウエン,,222127,,静岡県焼津市石津684,静岡県,焼津市,石津,684,,公園内,34.8443436,138.315795,,,1,1,0,0,0,0,0,1,0,1,0,無,有,無,,,24時間利用可能,,,
222127,102,静岡県焼津市,助三島公園,スケサジマコウエン,,222127,,静岡県焼津市小川2939,静岡県,焼津市,小川,2939,,公園内,34.8467888,138.3114154,,,1,1,0,0,0,0,0,1,0,1,0,無,有,無,,,24時間利用可能,,,
222127,103,静岡県焼津市,大井川防災広場,オオイガワボウサイヒロバ,,222127,,静岡県焼津市吉永205-４,静岡県,焼津市,吉永,205-４,,広場内,34.797476,138.285574,,,3,2,0,1,2,0,2,1,0,1,1,有,有,無,,,24時間利用可能,,,
222127,104,静岡県焼津市,吉永遊歩道,ヨシナガユウホドウ,,222127,,静岡県焼津市吉永,静岡県,焼津市,吉永,,,遊歩道沿い,34.790278,138.306227,,,4,3,1,0,3,3,0,0,0,0,0,無,無,無,,,24時間利用可能,,,
222127,105,静岡県焼津市,禅門グリーンロード,ゼンモングリーンロード,,222127,,静岡県焼津市本町六丁目6,静岡県,焼津市,本町六丁目,6,,道路沿い,34.86135,138.3221093,,,2,1,1,0,1,1,0,1,0,1,1,有,無,無,,,24時間利用可能,,,
222127,106,静岡県焼津市,大井川河川敷運動公園陸上競技場西側トイレ,オオイガワカセンジキウンドウコウエンリクジョウキョウギジョウニシガワトイレ,,222127,,静岡県焼津市西島538,静岡県,焼津市,西島,538,,陸上競技場西側,34.7954611,138.2645745,,,3,2,0,1,0,0,0,1,0,1,0,有,無,無,,,24時間利用可能,,,
222127,107,静岡県焼津市,大井川河川敷運動公園ソフトボール場F東側トイレ,オオイガワカセンジキウンドウコウエンソフトボールジョウエフヒガシガワトイレ,,222127,,静岡県焼津市西島538,静岡県,焼津市,西島,538,,ソフトボール場F東側,34.800756,138.2575512,,,2,2,0,0,0,0,0,1,0,1,0,無,無,無,,,24時間利用可能,,,
222127,108,静岡県焼津市,大井川河川敷運動公園マラソンコース下流側トイレ,オオイガワカセンジキウンドウコウエンマラソンコースカリュウガワトイレ,,222127,,静岡県焼津市西島538,静岡県,焼津市,西島,538,,マラソンコース下流側,34.7863886,138.2781578,,,1,1,0,0,0,0,0,1,0,1,0,有,無,無,,,24時間利用可能,,,
222127,109,静岡県焼津市,田尻スポーツ広場北側トイレ,タジリスポーツヒロバキタガワトイレ,,222127,,静岡県焼津市田尻2058,静岡県,焼津市,田尻,2058,,広場北側,34.8268357,138.3231132,,,1,1,0,0,0,0,0,0,0,0,1,有,無,無,,,24時間利用可能,,,
222127,110,静岡県焼津市,田尻スポーツ広場南側トイレ,タジリスポーツヒロバキタガワトイレミナミガワトイレ,,222127,,静岡県焼津市田尻2058,静岡県,焼津市,田尻,2058,,広場南側,34.8259197,138.3224802,,,3,2,1,0,2,0,2,0,0,0,0,無,無,無,,,24時間利用可能,,,
222127,111,静岡県焼津市,一色水道用地東側トイレ,イッシキスイドウヨウチヒガシガワトイレ,,222127,,静岡県焼津市一色1043,静岡県,焼津市,一色,1043,,広場東側駐車場内,34.8242081,138.3107563,,,2,1,1,0,1,1,0,0,0,0,1,有,無,無,,,24時間利用可能,,,
222127,112,静岡県焼津市,焼津市総合グラウンド第一駐車場屋外トイレ,ヤイヅシソウゴウグラウンドダイイチチュウシャジョウオクガイトイレ,,222127,,静岡県焼津市保福島950-1,静岡県,焼津市,保福島,950-1,,第一駐車場内北側,34.8653565,138.280583,,,3,2,0,1,2,2,0,0,0,0,1,有,有,無,,,24時間利用可能,,,
