ソート番号,クーポン名,クーポン名カナ,業種,クーポンの割引金額,クーポン名表示用,ブロックNO,郵便番号,店舗住所,電話番号,店舗説明,店舗URL,インスタグラムのアカウント,緯度,経度
1, MASUYA,マスヤ,小売業,1000,"2,000円以上会計で1,000円引き",1,425-0022,静岡県焼津市本町2丁目11番5号,054-629-2000,10:00~19:00  毎週水曜及び第２第３火曜日定休,,,138.3201543,34.8701502
2,えるふぁんｂｙますや,エルファンバイマスヤ,小売業,1000,"2,000円以上会計で1,000円引き",1,425-0027,静岡県焼津市栄町3丁目3-37,054-629-3937,10:00~19:00,,,138.316461,34.873495
4,株式会社はの字食品,ハノジショクヒン,小売業,500,"1,000円以上会計で500円引き",1,425-0087,静岡県焼津市保福島353番地の1,054-628-2545,営業時間10：00-16：00　休業日：水曜・日曜・祝日その他会社規定の休業日,https://www.hanoji.net/,https://www.instagram.com/hanoji_gram/,138.3106254,34.8541529
6,寿司実,スシミ,飲食業,1000,"2,000円以上会計で1,000円引き",1,425-0064,静岡県焼津市三和1167番地の2,054-624-3030,,https://sushimi.jp/,,138.306642,34.868124
8,長峰製茶 花カフェ,ナガミネセイチャ　ハナカフェ,小売業,1000,"2,000円以上会計で1,000円引き",1,425-0064,静岡県焼津市三和60,054-625-1251,ランチタイム９時３０分から１５時まで。ドリンクタイムは１７時まで。それ以外は１８時まで。,,https://www.instagram.com/nagamineseicha.miwa/,138.3120256,34.8563943
9,和ダイニングおはな,ワダイニングオハナ,飲食業,1000,"2,000円以上会計で1,000円引き",1,425-0035,静岡県焼津市東小川5-16-1,054-631-4354,,,https://www.instagram.com/wadining.ohana/,138.2894815,34.7912161
10,株式会社あまる齋藤商店,アマルサイトウショウテン,小売業,500,"1,000円以上会計で500円引き",1,421-0212,静岡県焼津市利右衛門384-1,054-631-4585,※さば寿しは事前予約が必要です※電話：054-631-4585,https://amalu.co.jp/,https://www.instagram.com/amaru3883/,138.308758,34.861343
11,花味月,ハナミヅキ,飲食業,1000,"2,000円以上会計で1,000円引き",1,425-0036,静岡県焼津市西小川一丁目11-8,054-639-5531,,,https://www.instagram.com/izakayahanamiduki/,138.3096652,34.8534725
12,doma雑貨店,ドマザッカテン,小売業,1000,"2,000円以上会計で1,000円引き",1,425-0035,静岡県焼津市東小川6-11-5,,営業日はSNSにてご確認ください,,https://www.instagram.com/doma.zakka/,138.3202734,34.8367121
13,リラクゼーションサロン　ラグラックス,リラクゼーションサロン　ラグラックス,その他,1000,"2,000円以上会計で1,000円引き",1,425-0057,静岡県焼津市下小田1-5,090-4238-8087,11:00〜24:00（受付21:00終了）火曜定休,https://www.relaxation-salon-luxlax.com/,,138.3227652,34.8674574
15,かつ一,カツイチ,飲食業,1000,"2,000円以上会計で1,000円引き",1,421-0215,静岡県焼津市西島345-314,054-622-7333,ランチタイムでのクーポン使用不可,,https://www.instagram.com/katuichi_yaizu/,138.3029514,34.8809047
16,銀鮮,ギンセン,飲食業,1000,"2,000円以上会計で1,000円引き",1,425-0091,静岡県焼津市八楠4-14-12,054-625-9858,定休日月曜、火曜日　　営業時間10時30分〜16時　営業時間内クーポン利用可,https://kaigen-502.com/,https://www.instagram.com/unagi.ginsen/,138.3165457,34.8425564
17,M's cafe,エムズカフェ,飲食業,1000,"2,000円以上会計で1,000円引き",1,425-0041,静岡県焼津市石津2丁目9-22,090-7611-9612,,,https://www.instagram.com/mscafem/,138.313731,34.863022
18,グリルSASAYA,グリルササヤ,飲食業,1000,"2,000円以上会計で1,000円引き",1,425-0026,静岡県焼津市焼津4丁目9-19,054-627-0234,,https://sasayaomuraisu.amebaownd.com/,https://www.instagram.com/yaizu_sasaya/,138.2883887,34.8552215
19,江戸そば八助,エドソバヤスケ,飲食業,1000,"2,000円以上会計で1,000円引き",1,425-0074,静岡県焼津市柳新屋601-3,054-637-9240,,https://edosobayasuke.business.site/,,138.3184872,34.8457895
20,多幸,タコウ,飲食業,1000,"2,000円以上会計で1,000円引き",1,425-0041,静岡県焼津市石津1143-1,054-623-1819,（昼）11：30〜14：00（夜）17：00〜22：00（定休日）火曜日,https://nbzn600.gorp.jp/,,138.314935,34.874717
21,有限会社茶郷山いち,サゴウヤマイチ,小売業,1000,"2,000円以上会計で1,000円引き",1,425-0028,静岡県焼津市駅北3丁目15番28号,054-629-6121,,,https://www.instagram.com/35yamaichi/,138.3127146,34.8724469
22,中源商店,ナカゲンショウテン,小売業,1000,"2,000円以上会計で1,000円引き",1,425-0081,静岡県焼津市大栄町1-5-18,054-628-4520,営業時間　平日８：００〜１６：３０　休み　日祝,https://nakagen-tsukudani.jp/,,138.318448,34.858824
23,伊志川,イシカワ,飲食業,1000,"2,000円以上会計で1,000円引き",1,425-0031,静岡県焼津市小川新町1-2-26,054-629-3867,木曜〜日曜　昼のみ　11:15〜14:00 定休日：月曜・火曜・水曜,http://www.inakachuka-ishikawa.info/,,138.3224179,34.8659594
24,和洋菓子　ヤマカワ,ワヨウガシ　ヤマカワ,小売業,500,"1,000円以上会計で500円引き",1,425-0022,静岡県焼津市本町3-9-28,054-629-3933,,https://m.facebook.com/people/%E5%92%8C%E6%B4%8B%E8%8F%93%E5%AD%90-%E3%83%A4%E3%83%9E%E3%82%AB%E3%83%AF/100014219027535/,,138.3224179,34.8659594
25,イケダ薬局,イケダヤッキョク,小売業,1000,"2,000円以上会計で1,000円引き",1,425-0036,静岡県焼津市西小川2-10-21,054-628-7656,,https://kanpouikeda.com/,https://www.instagram.com/ikedadrugstore/,138.303515,34.8642682
26,カムカム,カムカム,飲食業,1000,"2,000円以上会計で1,000円引き",1,425-0071,静岡県焼津市三ｹ名1461-1,054-627-8602,,,,138.310797,34.861521
27,Herbs Garden,ハーブガーデン,飲食業,1000,"2,000円以上会計で1,000円引き",1,425-0036,静岡県焼津市西小川1-8-17,054-629-6080,,https://herbsgarden.business.site,,138.302262,34.86316
28,やきにく家　幸楽,ヤキニクヤ　コウラク,飲食業,1000,"2,000円以上会計で1,000円引き",1,425-0071,静岡県焼津市三ｹ名1345-4,054-627-1925,,https://ja-jp.facebook.com/yakiniku.kouraku/,,138.321526,34.861629
29,港書店,ミナトショテン,小売業,1000,"2,000円以上会計で1,000円引き",1,425-0022,静岡県焼津市本町5-9-3,090-7043-9483,営業時間：10：００〜１４：００、１６：３０〜１８：００日曜・祝日は定休日です。,,,138.3214998,34.8627702
30,御菓子司　角屋,オカシツカサ　カドヤ,小売業,500,"1,000円以上会計で500円引き",1,425-0022,静岡県焼津市本町5-7-8,054-628-3870,,http://web.thn.jp/yaizukadoya/index.html,https://www.instagram.com/kadoyakatsuosable/,138.3079136,34.8803314
31,とり若丸焼津店,トリワカマルヤイヅテン,飲食業,500,"1,000円以上会計で500円引き",1,425-0091,静岡県焼津市八楠2-29-6,054-620-1239,,https://honkinohonpo.com/shop/shizuoka-yaizu/,,138.3079136,34.8803314
32,寿し春,スシハル,飲食業,1000,"2,000円以上会計で1,000円引き",1,425-0021,静岡県焼津市中港1-1-4,054-628-5056,,,,138.3071828,34.8422447
33,ベリーノ,ベリーノ,飲食業,1000,"2,000円以上会計で1,000円引き",1,425-0055,静岡県焼津市道原12-2,054-639-5225,,,,138.3247016,34.8356865
35,山正亭,ヤマショウテイ,飲食業,1000,"2,000円以上会計で1,000円引き",1,425-0027,静岡県焼津市栄町4-2-2,054-629-0730,,https://www.instagram.com/yamashou_tei/,,138.319781,34.870006
36,自家焙煎珈琲 caffemaco,ジカバイセンコーヒーカフェマコ,飲食業,1000,"2,000円以上会計で1,000円引き",1,425-0014,静岡県焼津市中里556-1,054-625-7488,変則営業中,https://caffemaco.com/,https://www.instagram.com/caffemaco/,138.3037287,34.881146
37,望月海苔店,モチヅキノリテン,小売業,1000,"2,000円以上会計で1,000円引き",1,425-0091,静岡県焼津市八楠4-13-7,054-627-7917,,https://www.marumonori.com/,https://www.instagram.com/marumonori/,138.3241085,34.8641093
38,有限会社カネキュウ水産,カネキュウスイサン,小売業,1000,"2,000円以上会計で1,000円引き",1,425-0091,静岡県焼津市八楠4-13-7さかなセンター内,054-627-7901,,https://www.sakana-center.com/shop/2518/,,138.3299686,34.8402231
39,会席料理　味彩,カイセキリョウリ　アジサイ,飲食業,1000,"2,000円以上会計で1,000円引き",1,425-0051,静岡県焼津市田尻北1227-2,054-623-2875,必ず　事前予約をお願い致します,,https://www.instagram.com/azisai_yaizu/,138.289512,34.865511
40,ヘアールームシャイン,ヘアールームシャイン,その他,1000,"2,000円以上会計で1,000円引き",1,425-0086,静岡県焼津市小土902-7,054-629-4252,,,,138.3238389,34.8614948
41,ぬかや斎藤商店,ヌカヤサイトウショウテン,小売業,1000,"2,000円以上会計で1,000円引き",1,425-0025,静岡県焼津市城之腰109-1,054-628-4239,,https://www.yaizunukaya.com/,,138.3237303,34.8606421
42,osoto雑貨,オソトザッカ,小売業,1000,"2,000円以上会計で1,000円引き",1,425-0025,静岡県焼津市城之腰48-1,054-625-9115,,https://www.osotozakka.com/,https://www.instagram.com/osotozakka/,138.322025,34.863893
43,株式会社金虎,カネトラ,小売業,500,"1,000円以上会計で500円引き",1,425-0022,静岡県焼津市本町4-12-10,054-626-6668,,https://www.kanetora-shop.jp/,https://www.instagram.com/katsuoinu_pet/,138.322025,34.863893
44,磯の香,イソノカ,小売業,500,"1,000円以上会計で500円引き",1,425-0091,静岡県焼津市八楠4-13-7焼津さかなセンター内,0120-956-940,,https://www.sakana-center.com/shop/4114/,,138.327567,34.877519
45,飴屋　河合製菓本舗,アメヤ　カワイセイカホンポ,小売業,500,"1,000円以上会計で500円引き",1,425-0012,静岡県焼津市浜当目2-1-1,054-628-2402,,https://www.ameyakawai.com/,,138.2933044,34.8588295
46,酒房ふくろう,シュボウフクロウ,飲食業,1000,"2,000円以上会計で1,000円引き",1,425-0077,静岡県焼津市五ｹ堀之内1213-1,054-629-8137,,http://www.syubo-fukurou.com/,,138.3152853,34.8731635
47,有限会社イリタ清水商店,イリタシミズショウテン,小売業,500,"1,000円以上会計で500円引き",1,425-0028,静岡県焼津市駅北2-9-9,054-628-4873,,https://www.irita-shimizu-shop.com/,,138.297762,34.85726
48,洋食屋ミッキー亭,ヨウショクヤミッキーテイ,飲食業,1000,"2,000円以上会計で1,000円引き",1,425-0071,静岡県焼津市三ｹ名724-1,054-627-3058,,,https://www.instagram.com/mickeytei/,138.317632,34.849517
50,小麦屋,コムギヤ,小売業,500,"1,000円以上会計で500円引き",1,425-0015,静岡県焼津市石脇上59-3,054-628-5160,,,https://www.instagram.com/komugiya_yaizu/,138.319601,34.870353
51,お茶の丸玉園,オチャノマルタマエン,小売業,1000,"2,000円以上会計で1,000円引き",1,425-0027,静岡県焼津市栄町4-1-4,054-628-4020,,https://www.marutamaen-shop.com/,,138.319601,34.870353
52,ベトナム料理  Ｓｕｉｋａ　ｃｈａｎ,ベトナムリョウリスイカチャン,飲食業,1000,"2,000円以上会計で1,000円引き",1,425-0022,静岡県焼津市本町3-5-11,054-374-9320,昼：11:30〜14:00　夜：17:00〜20:00　定休日：月曜日,https://vietnam-suikachan.com,https://www.instagram.com/yaizu_suikachan/,138.27376,34.815399
53,山一園製茶株式会社,ヤマイチエンセイチャ,小売業,1000,"2,000円以上会計で1,000円引き",1,421-0206,静岡県焼津市上新田862番地の1,054-622-1724,営業時間　9：00〜18：00　元日のみ休業,https://www.yamaichien.com/,https://www.instagram.com/yamaichienseicha/,138.319712,34.870114
54,福与時計店,フクヨトケイテン,小売業,500,"1,000円以上会計で500円引き",1,425-0027,静岡県焼津市栄町4丁目2番1号,054-628-2474,営業時間は　10:00〜19:00　定休日　毎週月曜日,,,138.318901,34.871582
55,居酒屋日の出,イザカヤヒノデ,飲食業,1000,"2,000円以上会計で1,000円引き",1,425-0027,静岡県焼津市栄町1-2-1 日の出ビル1F,090-1754-9792,,,https://www.instagram.com/hinodebar/,138.312974,34.8590311
56,まんまる,マンマル,飲食業,1000,"2,000円以上会計で1,000円引き",1,425-0035,静岡県焼津市東小川二丁目17-13 マンション小池,054-621-5155,,https://manmaru-yaizu.gorp.jp/,,138.304391,34.8808236
57,ぶるず,ブルズ,飲食業,1000,"2,000円以上会計で1,000円引き",1,425-0091,静岡県焼津市八楠4-13-7,054-629-6696,,,https://www.instagram.com/bulls_l_steak/,138.30199,34.88207479
60,自慢のお米　又平商店,ジマンノオコメ　マタヒラショウテン,小売業,1000,"2,000円以上会計で1,000円引き",1,425-0014,静岡県焼津市中里566,054-628-2008,9:00〜18:00　定休日：土、日、祝日,https://matahira-shoten.com,https://www.instagram.com/matahira_shoten/,138.3095829,34.8600351
61,お好み焼・鉄板焼　もくじぃ,オコノミヤキ　テッパンヤキ　モクジィ,飲食業,1000,"2,000円以上会計で1,000円引き",1,425-0036,静岡県焼津市西小川2丁目6-25,054-620-5053,ランチ〜夜営業共に利用可,,https://www.instagram.com/okonomiyaki_mokujyi/,138.2997278,34.8825083
62,福一焼津流通センター,フクイチヤイヅリュウツウセンター,小売業,1000,"2,000円以上会計で1,000円引き",1,425-0091,静岡県焼津市八楠170,054-628-2913,,https://fukuichi-world.jp/ryutu/,,138.2997278,34.8825083
63,ヤマクニ水産さかなセンター店,ヤマクニスイサンサカナセンターテン,小売業,1000,"2,000円以上会計で1,000円引き",1,425-0091,静岡県焼津市八楠4-13-7,054-626-8400,,https://www.yamakuni.info/,https://www.instagram.com/yamakuni.yaizu/,138.3034667,34.8799809
64,焼津ひもの食堂,ヤイヅヒモノショクドウ,飲食業,1000,"2,000円以上会計で1,000円引き",1,425-0091,静岡県焼津市八楠 1-3-17,054-626-8400,ランチ営業のみです,https://yamakuni-himono.com/,https://www.instagram.com/himono.syokudou/,138.3068898,34.8819752
65,手火山造り鰹節やまじゅう,テビヤマヅクリカツオブシヤマジュウ,小売業,500,"1,000円以上会計で500円引き",1,425-0031,静岡県焼津市小川新町5丁目4番9号,054-628-3677,平日９：３０〜１７：００　土曜日９：００〜１１：３０　日祝休み,https://www.yama10.jp/,https://www.instagram.com/tebiyama/,138.318629,34.8523
66,まぐろ茶屋,マグロチャヤ,飲食業,1000,"2,000円以上会計で1,000円引き",1,425-0032,静岡県焼津市鰯ｹ島136番地の26,054-270-5811,,https://magurocyaya.jp/,https://www.instagram.com/magurocyaya/,138.3102824,34.8605259
67,和ぁ坊,ワァボウ,飲食業,1000,"2,000円以上会計で1,000円引き",1,425-0036,静岡県焼津市西小川1-4-6,054-631-7820,,https://wa-bou-yaizu.com/,,138.3102824,34.8605259
69,フランス料理　ボン・コラージュ,フランスリョウリ　ボンコラージュ,飲食業,1000,"2,000円以上会計で1,000円引き",1,425-0075,静岡県焼津市西焼津27-5 トリオンビル2F,054-621-0353,,https://boncourage1996.owst.Jp,,138.320812,34.871381
70,まんさく,マンサク,飲食業,1000,"2,000円以上会計で1,000円引き",1,425-0027,静岡県焼津市栄町2-6-21,054-626-8151,,,,138.320812,34.871381
71,ヤキレイ直売所,ヤキレイチョクバイショ,小売業,1000,"2,000円以上会計で1,000円引き",1,425-0031,静岡県焼津市小川新町5丁目8番2号,054-627-0181,,http://www.yakirei.co.jp/sp/,https://www.instagram.com/yakirei.38/,138.305122,34.863427
72,カフェセレサ,カフェセレサ,飲食業,1000,"2,000円以上会計で1,000円引き",1,425-0071,静岡県焼津市三ｹ名1194-4,054-626-4098,,,https://www.instagram.com/cafecereza_yaizu/,138.319801,34.870673
73,株式会社　油屋呉服店,アブラヤゴフクテン,小売業,1000,"2,000円以上会計で1,000円引き",1,425-0027,静岡県焼津市栄町3-1-16,054-629-5533,月曜〜日曜　9:00〜16:00  定休日：不定休,,,138.2903547,34.846396
74,手毬,テマリ,飲食業,1000,"2,000円以上会計で1,000円引き",1,425-0072,静岡県焼津市大住1085-1,054-623-5296,,https://temari19901212.owst.jp,https://www.instagram.com/temari_kamameshi2020/,138.309132,34.8548629
75,株式会社三幸　さんこう西小川店,サンコウニシコガワテン,小売業,1000,"2,000円以上会計で1,000円引き",1,425-0036,静岡県焼津市西小川4-1-1,054-620-3077,,https://sankoukids.official.ec/,https://www.instagram.com/sankou_kids_style/,138.321692,34.87455
76,元湯なかむら館,モトユナカムラカン,飲食業,500,"1,000円以上会計で500円引き",1,425-0028,静岡県焼津市駅北1-14-7,054-628-4397,,https://nakamurakan.co.jp/,,138.2894277,34.8621487
77,居酒屋ゆず,イザカヤユズ,飲食業,1000,"2,000円以上会計で1,000円引き",1,425-0076,静岡県焼津市小屋敷244-2,090-8327-2326,,,,138.2894277,34.8621487
79,やきつ家,ヤキツヤ,小売業,1000,"2,000円以上会計で1,000円引き",1,425-0027,静岡県焼津市栄町3丁目1番13号,054-627-6415,,,https://www.instagram.com/yakitsuya/,138.3199133,34.8704519
80,まんさいかん焼津,マンサイカンヤイヅ,小売業,1000,"2,000円以上会計で1,000円引き",1,425-0026,静岡県焼津市焼津4丁目8-5,054-626-8822,月〜日　9：00〜17：00　定休日　第2火曜日,https://life.ja-group.jp/farm/market/detail?id=1137,,138.28144,34.814108
81,大井川農業協同組合　まんさいかん静浜,オオイガワノウギョウキョウドウクミアイ　マンサイカンシズハマ,小売業,1000,"2,000円以上会計で1,000円引き",1,421-0205,静岡県焼津市宗高1-2,054-664-0831,月〜日　9:00〜17:00  定休日:第二火曜日 　他1/1〜1/4 休み,https://life.ja-group.jp/farm/market/detail?id=1139,,138.320838,34.8691336
82,坂本接骨院・鍼灸院,サカモトセッコツインシンキュウイン,その他,1000,"2,000円以上会計で1,000円引き",1,425-0027,静岡県焼津市栄町3丁目5番30号,054-620-5000,クーポンは自費施術のみ利用可,https://sakamoto-sekkotsu5000.com/,,138.3081987,34.8520494
83,ふわふわっふる　西小川店,フワフワッフル　ニシコガワテン,小売業,500,"1,000円以上会計で500円引き",1,425-0036,静岡県焼津市西小川2-1-3-102,090-5113-2828,,http://fuwafuwaffle.blogspot.com,,138.319554,34.870954
84,ふわふわっふる　焼津駅前通り店,フワフワッフル　ヤイヅエキマエドオリテン,小売業,500,"1,000円以上会計で500円引き",1,425-0027,静岡県焼津市栄町2-3-15,080-2162-1084,,http://fuwafuwaffle.blogspot.com,,138.3053714,34.8393799
85,有限会社葵サンプル,アオイサンプル,その他,1000,"2,000円以上会計で1,000円引き",1,425-0045,静岡県焼津市祢宜島362番地の3,054-624-8645,,http://www.aoisample.com/,https://www.instagram.com/aoisample/,138.3107162,34.8570529
86,有限会社　丸玉園,マルタマエン,小売業,1000,"2,000円以上会計で1,000円引き",1,425-0035,静岡県焼津市東小川5-9-17,054-621-5501,,https://sanowa-tea.jp,https://www.instagram.com/sanowa_tea/,138.2966571,34.8852516
87,HOTEL nanvan焼津,ホテルナンバンヤイヅ,宿泊業,1000,"2,000円以上会計で1,000円引き",1,425-0092,静岡県焼津市越後島360番地の3,054-628-8835,,https://www.nanvan.jp/,,138.315832,34.867806
88,よし寿司,ヨシズシ,飲食業,1000,"2,000円以上会計で1,000円引き",1,425-0026,静岡県焼津市焼津1丁目5の31,054-629-5600,昼　平日：11:30〜13:30 日曜・祝日：11:30〜13:30　夜　平日：17:00〜21:00 日曜・祝日：17:00〜20:00　定休日：水曜日　不定休あり,,,138.3266667,34.8566667
89,株式会社ヤイヅツナコープ,カブシキガイシャヤイヅツナコープ,小売業,1000,"2,000円以上会計で1,000円引き",1,425-0032,静岡県焼津市鰯ｹ島136-26うみえ~る焼津1階,054-629-7393,,http://www.yaizu-gyokyo.or.jp,,138.3241961,34.873811
92,和菓子工房吉野,ワガシコウボウヨシノ,小売業,500,"1,000円以上会計で500円引き",1,425-0027,静岡県焼津市栄町4-1-3,054-628-3926,,https://yamakawahitoshi.wordpress.com,,138.3195484,34.8705229
93,磯料理みなと家,イソリョウリミナトヤ,飲食業,1000,"2,000円以上会計で1,000円引き",1,421-0213,静岡県焼津市飯淵2153,054-622-0362,,https://www.minatoya-ryouri.com/,,138.303534,34.88024
94,株式会社マルワ商店,マルワショウテン,小売業,1000,"2,000円以上会計で1,000円引き",1,425-0091,静岡県焼津市八楠4-13-7焼津さかなセンター内,054-628-5555,,https://maruwa-shouten.shop-pro.jp/,https://www.instagram.com/maruwa333/,138.3035733,34.8800403
95,ミハラ水産株式会社,ミハラスイサン,小売業,1000,"2,000円以上会計で1,000円引き",1,425-0091,静岡県焼津市八楠4-13-7,054-629-1171,,https://misuisan.co.jp/74939/,,138.303567,34.880302
96,回転寿司のぶちゃん,カイテンズシノブチャン,飲食業,1000,"2,000円以上会計で1,000円引き",1,425-0091,静岡県焼津市八楠4丁目13-7焼津さかなセンター内,054-628-2100,,https://www.sakana-center.com/shop/2522/,,138.3153403,34.8590051
97,つくだ煮みさき,ツクダニミサキ,小売業,1000,"2,000円以上会計で1,000円引き",1,425-0035,静岡県焼津市東小川1-3-19,054-628-2403,,https://tukudanimisaki.amebaownd.com,,138.2742483,34.8113819
98,丸忠有限会社,マルチュウユウゲンガイシャ,飲食業,1000,"2,000円以上会計で1,000円引き",1,421-0218,静岡県焼津市下江留1450-1,054-622-0407,営業時間 : 11時〜14時 / 17時〜19時　定休日 : 月曜日（月曜祝日の場合、翌火曜日）,https://unagi-maruchu.com/,,138.2742483,34.8113819
99,飲処.肴処　膳,ノミドコロ.サカナドコロ　ゼン,飲食業,1000,"2,000円以上会計で1,000円引き",1,425-0026,静岡県焼津市焼津4-9-15,054-628-5799,,,,138.3175706,34.8716114
100,EBOSHI,エボシ,飲食業,1000,"2,000円以上会計で1,000円引き",1,425-0027,静岡県焼津市栄町1-7-2,054-621-6052,,https://www.eboshi-yaizu.com/,,138.3185511,34.8713614
101,HINATA,ヒナタ,飲食業,1000,"2,000円以上会計で1,000円引き",1,425-0027,静岡県焼津市栄町1-5-2,054-628-2316,,https://hinata-yaizu.com/,,138.3186764,34.8712827
102,エイトコーヒー,エイトコーヒー,飲食業,1000,"2,000円以上会計で1,000円引き",1,425-0027,静岡県焼津市栄町1-2-10,054-620-8668,,,https://www.instagram.com/eightcoffee_e/,138.322848,34.866526
103,下村こうじ屋,シモムラコウジヤ,小売業,500,"1,000円以上会計で500円引き",1,425-0022,静岡県焼津市本町2-15-6,054-628-5310,,https://www.shimomura-koujiya.com/,https://www.instagram.com/shimomura.koujiya/,138.303567,34.880302
104,大富水産株式会社,ダイトミスイサン,小売業,1000,"2,000円以上会計で1,000円引き",1,425-0091,静岡県焼津市八楠4-13-7焼津さかなセンター内,054-621-0002,AM9：00〜PM17：00,https://daitomisuisan.shop-pro.jp/,,138.307422,34.861079
105,和作寿司,ワサクズシ,飲食業,1000,"2,000円以上会計で1,000円引き",1,425-0036,静岡県焼津市西小川2-12-2,054-627-5500,,https://kojiwanda.wixsite.com/mysite,,138.3152853,34.8731635
106,有限会社イリタ清水商店,イリタシミズショウテン,小売業,500,"1,000円以上会計で500円引き",1,425-0091,静岡県焼津市八楠4-13-7焼津さかなセンター内7番,054-627-7935,,https://irita-shimizu-shop.com,,138.3202734,34.8504232
107,ロックブックワークス,ロックブックワークス,小売業,1000,"2,000円以上会計で1,000円引き",1,425-0091,静岡県焼津市八楠4-13-7　さかなセンター内,090-7913-9757,,,,138.3037287,34.881146
108,有限会社東名焼津酒販,トウメイヤイヅシュハン,小売業,1000,"2,000円以上会計で1,000円引き",1,425-0091,静岡県焼津市八楠4丁目13番地の7,054-629-6938,,https://www.sakana-center.com/shop/5473/,,138.3037287,34.881146
109,ふとんのこはり,フトンノコハリ,小売業,1000,"2,000円以上会計で1,000円引き",1,425-0036,静岡県焼津市西小川3-8-5,054-628-8110,,http://www.futon-kohari.com,,138.3033513,34.8802962
110,長峰製茶　焼津さかなセンター店,ナガミネセイチャヤイヅサカナセンターテン,小売業,1000,"2,000円以上会計で1,000円引き",1,425-0091,静岡県焼津市八楠4-13-7焼津さかなセンター内,054-629-3321,9:00〜16:30 (月曜〜日曜日)  定休日：水曜日,https://www.sakana-center.com/shop/2484/,,138.3187988,34.8715703
111,一般社団法人　焼津市観光協会,ヤイズシカンコウキョウカイ,その他,500,"1,000円以上会計で500円引き",1,425-0027,静岡県焼津市栄町一丁目2-24,054-626-6266,,http://www.yaizu.gr.jp/,,138.3186982,34.871506
112,イヅミヤ,イヅミヤ,飲食業,1000,"2,000円以上会計で1,000円引き",1,425-0027,静岡県焼津市栄町1-2-12,054-626-2500,,,https://www.instagram.com/yaizu_izumiya/,138.3186982,34.871506
115,酒季の蔵,シュキノクラ,飲食業,1000,"2,000円以上会計で1,000円引き",1,425-0026,静岡県焼津市焼津3-10-8,054-627-2527,18:00〜翌3:00 定休日：日曜日　※祝日前の日曜は営業　状況により早く閉まる日もあります,https://nbdx000.gorp.jp/,https://www.instagram.com/yaizu.shukinokura/,138.3037099,34.8811442
116,株式会社海鮮組,カイセングミ,小売業,1000,"2,000円以上会計で1,000円引き",1,425-0091,静岡県焼津市八楠4丁目13番地の7,054-621-5188,,https://kaisengumi.jp/index.html,,138.3257109,34.8511839
117,小川漁業協同組合,コガワギョギョウキョウドウクミアイ,小売業,500,"1,000円以上会計で500円引き",1,425-0033,静岡県焼津市小川3392-9,054-624-8130,平日8:00〜17:00、土曜日休み、日・祝8:00〜15:00,https://kogawa-gyokyo.com/,,138.3257109,34.8511839
118,堅魚屋,カタウオヤ,小売業,1000,"2,000円以上会計で1,000円引き",1,425-0064,静岡県焼津市三和1384番地の1,054-624-5158,,https://www.katauoya.com/,https://www.instagram.com/katauoya_shinmarusyo/,138.303584,34.88041
119,株式会社藤仲屋食品,フジナカヤショクヒン,小売業,1000,"2,000円以上会計で1,000円引き",1,425-0091,静岡県焼津市八楠4-13-7,054-629-3681,,https://fujinakaya.shop-pro.jp/,,138.3153995,34.8728607
120,株式会社井鍋ふとん店,マルマタ,小売業,1000,"2,000円以上会計で1,000円引き",1,425-0028,静岡県焼津市駅北2丁目9番6号,054-628-2577,営業時間9時〜18時,,,138.3161467,34.8600528
121,株式会社　丸又,カブシキガイシャ　マルマタ,小売業,500,"1,000円以上会計で500円引き",1,425-0035,静岡県焼津市東小川1-4-3,054-628-7578,,https://www.marumata.jp/,https://www.instagram.com/marumatajp/,138.3043554,34.8807603
122,たかた,タカタ,飲食業,500,"1,000円以上会計で500円引き",1,425-0091,静岡県焼津市八楠4丁目13番地の7,090-9268-3990,（昼）11：00〜14：00（夜）17：30〜21：00（定休日）月曜日,,,138.3033268,34.88039
123,株式会社カネトモ,カネトモ,小売業,1000,"2,000円以上会計で1,000円引き",1,425-0091,静岡県焼津市八楠4丁目13番7号,054-628-7007,,https://www.kanetomo.com/center/center.html,,138.32265,34.867467
124,泰栄堂,タイエイドウ,小売業,1000,"2,000円以上会計で1,000円引き",1,425-0022,静岡県焼津市本町2-16-43,054-628-5008,営業時間　9時から17時　　　日曜祝日休み,http://www.taieido.jp/,,138.32265,34.867467
125,さかな大食堂渚（焼津さかなセンター内）,サカナダイショクドウナギサ,飲食業,1000,"2,000円以上会計で1,000円引き",1,425-0091,静岡県焼津市八楠4-13-7,054-628-1137,,https://www.sakana-center.com/,,138.3152318,34.8733956
126,やまそう　又平商店,ヤマソウ　マタヒラショウテン,小売業,500,"1,000円以上会計で500円引き",1,425-0028,静岡県焼津市駅北3-9-5,054-628-6598,9:00〜18:30　定休日：日曜日・第三月曜日,,,138.3031377,34.879843
127,さんすい1号店,サンスイイチゴウテン,飲食業,1000,"2,000円以上会計で1,000円引き",1,425-0091,静岡県焼津市八楠4-13-7焼津さかなセンター内,054-629-3375,,https://www.sansui-yaizu.co.jp/,,138.3025879,34.8800271
128,さんすい2号店,サンスイニゴウテン,飲食業,1000,"2,000円以上会計で1,000円引き",1,425-0091,静岡県焼津市八楠4-13-7焼津さかなセンター内,054-625-8873,,https://www.sansui-yaizu.co.jp/,,138.3025879,34.8800271
129,岩清,イワセイ,小売業,500,"1,000円以上会計で500円引き",1,425-0022,静岡県焼津市本町5丁目14-9,054-629-2025,営業時間 10:00-17:00　月曜定休,https://www.iwasei.com/,https://www.instagram.com/iwaseiyaizu/,138.308722,34.8522278
130,IHATOV,イーハトーウ゛,その他,1000,"2,000円以上会計で1,000円引き",1,425-0035,静岡県焼津市東小川7丁目19-10SUNコバヤシ'90 101,054-626-3759,,https://18102.jp,https://www.instagram.com/18102.jp/,138.3003814,34.879791
131,有限会社ヤマシン村田商店,ヤマシンムラタショウテン,小売業,1000,"2,000円以上会計で1,000円引き",1,425-0091,静岡県焼津市八楠4丁目13番地の7,054-626-2038,,,,138.303584,34.88041
133,大盛屋,オオモリヤ,飲食業,500,"1,000円以上会計で500円引き",1,425-0027,静岡県焼津市栄町6-3-6,054-628-3274,,,,138.303567,34.880302
134,株式会社カネト平田商店,ヒラタショウテン,小売業,500,"1,000円以上会計で500円引き",1,425-0091,静岡県焼津市八楠4-13-7,054-628-7437,,https://www.sakana-center.com/shop/2504/,,138.303567,34.8803021
135,吉恵水産株式会社,ヨシケイスイサンカブシキガイシャ,小売業,1000,"2,000円以上会計で1,000円引き",1,425-0022,静岡県焼津市本町4-10-4,054-629-0088,,https://www.sakana-center.com/shop/2509/,,138.32192,34.864965
136,コーヒー乃川島焼津店,コーヒーノカワシマヤイヅテン,小売業,500,"1,000円以上会計で500円引き",1,425-0022,静岡県焼津市本町3-7-7,054-627-7553,,https://www.kawashimacoffee.co.jp/about/shopinfo.php,,138.312974,34.8590311
137,ひのまる酒場,ヒノマルサカバ,飲食業,1000,"2,000円以上会計で1,000円引き",1,425-0035,静岡県焼津市東小川2-17-13,054-626-1039,,https://hinomarusakaba.com/,https://www.instagram.com/hinomarusakaba/,138.30935,34.860638
139,インテリアハラトモ,インテリアハラトモ,小売業,1000,"2,000円以上会計で1,000円引き",1,425-0022,静岡県焼津市本町5-6-10,054-627-9110,,https://www.haratomo1927.com/,,138.3097945,34.8570526
140,焼津四川飯店&ガーデンズ,ヤイズシセンハンテンアンドガーデンズ,飲食業,1000,"2,000円以上会計で1,000円引き",1,425-0036,静岡県焼津市西小川3-6-1,054-626-4000,,https://www.sn-hotels.com/nag,https://www.instagram.com/nhr.gardens/,138.3031563,34.8797304
141,まぐろ一本,マグロイッポン,飲食業,1000,"2,000円以上会計で1,000円引き",1,425-0091,静岡県焼津市八楠4丁目13番地の7,054-629-5133,,,https://www.instagram.com/maguroippon/,138.2918208,34.860062
142,五金,ゴキン,飲食業,1000,"2,000円以上会計で1,000円引き",1,425-0074,静岡県焼津市柳新屋996-4,054-627-5856,,https://gokin.jp/,https://www.instagram.com/gokin.jp/,138.2918208,34.860062
143,マルショウ焼津さかなセンター店,マルショウヤイヅサカナセンターテン,小売業,500,"1,000円以上会計で500円引き",1,425-0091,静岡県焼津市八楠4-13-7焼津さかなセンター内,054-629-2746,,http://www.yaizu.com,,138.303584,34.88041
144,甲羅組　本店,コウラグミホンテン,小売業,1000,"2,000円以上会計で1,000円引き",1,425-0091,静岡県焼津市八楠4-13-7,054-621-5525,,https://denshoku-corp.jp/business/realstore/,,138.3152509,34.8664589
145,焼津餃子,ヤイズギョウザ,小売業,500,"1,000円以上会計で500円引き",1,425-0026,静岡県焼津市焼津1-6-3,054-270-6329,,,https://www.instagram.com/yaizu.gyouza/,138.3154499,34.8664003
146,かぜんぐ,カゼング,飲食業,1000,"2,000円以上会計で1,000円引き",1,425-0026,静岡県焼津市焼津1-6-3,054-270-6294,,,https://www.instagram.com/kazengu.yaizu/,138.2787301,34.8083262
147,焼津港丸入商店,ヤイヅコウマルイリショウテン,飲食業,1000,"2,000円以上会計で1,000円引き",1,421-0205,静岡県焼津市宗高1474-3,054-631-4031,ランチも物販も両方クーポン使用可能です,https://yaizumaruiri.jp/,https://www.instagram.com/yaizukou_maruiri/,138.326445,34.878477
148,いちまるマルシェ,イチマルマルシエ,小売業,1000,"2,000円以上会計で1,000円引き",1,425-0012,静岡県焼津市浜当目1-3-23,054-628-4115,,https://www.bras-de-chef.jp/marche/,https://www.instagram.com/ichimaru.rina/,138.3031452,34.8800706
149,勝男屋　焼津さかなセンター本店,カツオヤ　ヤイヅサカナセンターホンテン,小売業,1000,"2,000円以上会計で1,000円引き",1,425-0091,静岡県焼津市八楠4丁目13-7焼津さかなセンター内,054-629-1177,,https://www.katsuoya.net,https://www.instagram.com/katsuoya_official/,138.3179764,34.8314324
150,かしはる田尻本店,カシハルタジリホンテン,小売業,500,"1,000円以上会計で500円引き",1,425-0052,静岡県焼津市田尻231-2,054-624-4481,,https://kashiharu.com/,,138.3134606,34.861751
151,かしはる焼津店,カシハルヤイヅテン,小売業,500,"1,000円以上会計で500円引き",1,425-0026,静岡県焼津市焼津4-11-4,054-628-5567,,https://kashiharu.com/,,138.277007,34.817951
152,かしはる大井川店,カシハルオオイガワテン,小売業,500,"1,000円以上会計で500円引き",1,421-0206,静岡県焼津市上新田477-6,054-622-8765,,https://kashiharu.com/,,138.288489,34.853875
153,かしはる西焼津総本店,カシハルニシヤイヅソウホンテン,小売業,500,"1,000円以上会計で500円引き",1,425-0073,静岡県焼津市小柳津515-3,054-628-1100,,https://kashiharu.com/,,138.3035834,34.8641873
154,雷心,ライシン,飲食業,500,"1,000円以上会計で500円引き",1,425-0071,静岡県焼津市三ｹ名1461-1,054-626-6781,,,,138.2880075,34.8536141
155,およんな広場,オヨンナヒロバ,小売業,500,"1,000円以上会計で500円引き",1,425-0073,静岡県焼津市小柳津508-2,054-659-0839,営業日はインスタでご確認ください,,https://www.instagram.com/oyonnahiroba/,138.3170858,34.8527909
156,株式会社 ｶﾗｰｽﾞ･ｵｰﾄｷﾞｬﾗﾘｰ,カラーズオートギャラリー,小売業,1000,"2,000円以上会計で1,000円引き",1,425-0035,静岡県焼津市東小川4丁目13番地の3,054-626-6881,,http://colors2006.xyz/about/,,138.3170858,34.8527909
158,ホテルアンビア松風閣　料亭美咲,ホテルアンビアショウフウカク　リョウテイミサキ,飲食業,1000,"2,000円以上会計で1,000円引き",1,425-0012,静岡県焼津市浜当目1541,054-628-3131,,,https://www.instagram.com/syofukaku/,138.3372802,34.8846817
159,ホテルアンビア松風閣　売店,ホテルアンビアショウフウカク　バイテン,小売業,500,"1,000円以上会計で500円引き",1,425-0012,静岡県焼津市浜当目1541,054-628-3131,,,https://www.instagram.com/syofukaku/,138.3372802,34.8846817
160,ホテルアンビア松風閣,ホテルアンビアショウフウカク,飲食業,1000,"2,000円以上会計で1,000円引き",1,425-0012,静岡県焼津市浜当目1541,054-628-3131,,https://www.syofukaku.com/,,138.2884539,34.8539302
161,スイーツカフェ豆治,スイーツカフェマメジ,飲食業,1000,"2,000円以上会計で1,000円引き",1,425-0073,静岡県焼津市小柳津515-3,054-628-1100,,,https://www.instagram.com/mameji.kashiharu.2023/,138.3163265,34.8486868
162,Cafe&Restaurant  Fun Fun,カフェアンドレストランファンファン,飲食業,1000,"2,000円以上会計で1,000円引き",1,425-0037,静岡県焼津市南小川2丁目20-17,054-623-7055,,,https://www.instagram.com/funfun_yaizu/,138.3193682,34.8639595
163,ハゲ天,ハゲテン,飲食業,1000,"2,000円以上会計で1,000円引き",1,425-0026,静岡県焼津市焼津6-4-5,054-627-2662,営業時間　17時半〜23時　オーダーストップ22時半　定休日　木曜日,,,138.302785,34.880005
164,有限会社サスイゲタフード,サスイゲタフード,小売業,500,"1,000円以上会計で500円引き",1,425-0091,静岡県焼津市八楠4-13-7焼津さかなセンター内,054-629-8080,,https://www.sasuigetafood.com,,138.320215,34.86998
165,学生服リユースshopさくらや　焼津店,ガクセイフクリユースショップサクラヤ　ヤイヅテン,小売業,500,"1,000円以上会計で500円引き",1,425-0027,静岡県焼津市栄町3丁目3-35,070-8533-1536,,https://www.seifuku-sakuraya.com/blog/yaizu/,,138.316771,34.863001
166,有限会社　ジュウボシ,ユウゲンガイシャジュウボシ,小売業,1000,"2,000円以上会計で1,000円引き",1,425-0026,静岡県焼津市焼津5丁目12-31,054-628-3764,,https://juboshi.base.shop/,,138.3035085,34.880436
167,焼津さかなセンター大漁店,ヤイヅサカナセンタータイリョウテン,小売業,500,"1,000円以上会計で500円引き",1,425-0091,静岡県焼津市八楠4-13-7,054-629-1161,営業時間【平日】9:00〜15:00　【土日祝】9:00〜16:00,https://www.shizutetsu-retailing.com/tairyo/,https://www.instagram.com/tairyouten/,138.304744,34.795854
168,すずき菓子舗,スズキガシホ,小売業,500,"1,000円以上会計で500円引き",1,421-0204,静岡県焼津市高新田1906-1,054-622-2330,,,https://www.instagram.com/suzuki.kashiho/,138.3034882,34.8094468
169,JessiCafe,ジェシカフェ,飲食業,1000,"2,000円以上会計で1,000円引き",1,421-0203,静岡県焼津市藤守541,090-6091-6699,,,https://www.instagram.com/jessicafe.food/,138.308466,34.8615115
170,けのひ堂　焼津店,ケノヒドウ　ヤイズテン,飲食業,500,"1,000円以上会計で500円引き",1,425-0036,静岡県焼津市西小川1-11-9,054-626-8886,,https://kenohido.com/menu_yaizu/,,138.3035712,34.8801987
171,まるとう農園焼津さかなセンター店,マルトウノウエンヤイヅサカナセンターテン,小売業,500,"1,000円以上会計で500円引き",1,425-0091,静岡県焼津市八楠4丁目13番地の7,0547-46-4545,9:00~17:00まで利用可能,http://www.marutoufarm.com,https://www.instagram.com/marutoufarm/,138.3079136,34.835497
173,コスモスベリーズ焼津店＆B.mama館,コスモスベリーズヤイヅテンアンドビーママカン,小売業,1000,"2,000円以上会計で1,000円引き",1,425-0035,静岡県焼津市東小川５丁目11?14,054-627-5101,,https://berrys-yaizu.com,https://www.instagram.com/b.mama.style/,138.323745,34.861435
174,マルハチ村松 浜通り店,マルハチムラマツ　ハマドオリテン,小売業,500,"1,000円以上会計で500円引き",1,425-0025,静岡県焼津市城之腰108-1-1,054-664-1551,,https://www.instagram.com/maruhachi08_hamadori/,https://www.instagram.com/maruhachi08_hamadori/,138.3033573,34.880499
175,焼津プリン商店,ヤイズプリンショウテン,小売業,500,"1,000円以上会計で500円引き",1,425-0091,静岡県焼津市八楠4丁目13-7,053-486-2346,,http://www.yaizu-purin.com,,138.3192322,34.8819335
176,魚河岸シャツ　濱いち屋,ウオガシシャツ　ハマイチヤ,小売業,1000,"2,000円以上会計で1,000円引き",1,425-0014,静岡県焼津市中里542-1,054-295-6666,,https://www.sativa812.com/,https://www.instagram.com/hamaichi_ya/,138.3192322,34.8819335
177,濱いち屋キッチン,ハマイチヤキッチン,飲食業,500,"1,000円以上会計で500円引き",1,425-0014,静岡県焼津市中里542-1,054-295-6666,テイクアウトも利用OK！！,https://www.instagram.com/hamaichi_ya/,https://www.instagram.com/hamaichi_ya/,138.307978,34.859024
178,くすかみ呉服店,クスカミゴフクテン,小売業,1000,"2,000円以上会計で1,000円引き",1,425-0036,静岡県焼津市西小川5-2-15,054-629-2991,,https://www.kusukami.jp/,,138.3032541,34.8805326
180,スマル家　焼津さかなセンター店,スマルヤ　ヤイヅサカナセンターテン,飲食業,1000,"2,000円以上会計で1,000円引き",1,425-0091,静岡県焼津市八楠4-13-7,054-627-7905,,,https://www.instagram.com/sumaru_ya/,138.3156947,34.87160943
181,エキチカ温泉・くろしお,エキチカオンセンクロシオ,その他,1000,"2,000円以上会計で1,000円引き",1,425-0027,静岡県焼津市栄町1-13-1,054-627-7200,,https://spa-kuroshio.com/,,138.3036311,34.8803731
182,てっか家　焼津さかなセンター店,テッカヤ　ヤイヅサカナセンターテン,飲食業,1000,"2,000円以上会計で1,000円引き",1,425-0091,静岡県焼津市八楠4-13-7,070-1303-7736,,,,138.3186967,34.8637058
183,久星商店,キュウボシショウテン,小売業,500,"1,000円以上会計で500円引き",1,425-0026,静岡県焼津市焼津6-5-7,054-628-3279,9:00~17:30　基本工場内に誰かが居れば開いております。,https://kyuboshi.com/,,138.302775,34.8799503
184,スマル水産　焼津さかなセンター店,スマルスイサン　ヤイヅサカナセンターテン,小売業,1000,"2,000円以上会計で1,000円引き",1,425-0091,静岡県焼津市八楠4-13-7,054-627-7905,,https://www.sumaru.com/,,138.3094372,34.8547439
185,麺処 響,メンドコロヒビキ,飲食業,500,"1,000円以上会計で500円引き",1,425-0035,静岡県焼津市東小川6-4-10,,,https://www.mendokoro-hibiki.com/,,138.318584,34.863415
186,岩本燃料,イワモト　ネンリョウ,小売業,500,"1,000円以上会計で500円引き",1,425-0026,静岡県焼津市焼津5丁目10-2,054-628-4213,,https://iwanen19283.eshizuoka.jp/,,138.3029724,34.8796998
187,定長商店,サダチョウショウテン,小売業,500,"1,000円以上会計で500円引き",1,425-0091,静岡県焼津市八楠4-13-7,054-627-7927,営業時間９：００〜１７：００,https://www.sakana-center.com/shop/2483/,,138.303567,34.880302
188,うなぎ丸天,ウナギマルテン,小売業,1000,"2,000円以上会計で1,000円引き",1,425-0091,静岡県焼津市八楠4丁目13-7焼津さかなセンター内,054-627-8905,,https://www.sakana-center.com/shop/2503/,,138.2627628,34.8081175
189,コバヤシ電器,コバヤシデンキ,小売業,1000,"2,000円以上会計で1,000円引き",1,421-0216,静岡県焼津市相川689-1,054-622-1361,,https://ps-hp.jpn.panasonic.com/ps/search/12204851,,138.309383,34.854488
190,一寸ぼうし,イッスンボウシ,飲食業,1000,"2,000円以上会計で1,000円引き",1,425-0035,静岡県焼津市東小川6丁目5-18,054-628-0811,月〜金　17:00〜23:00 　土日：16:00〜23:00   定休日：火曜・水曜,,,138.3196253,34.8710079
191,にじいろ。,ニジイロ,飲食業,1000,"2,000円以上会計で1,000円引き",1,425-0027,静岡県焼津市栄町2-3-9,054-639-7700,,https://instagram.com/nijiiro.yaizu?igshid=YmMyMTA2M2Y=,,138.317807,34.85808
192,柳屋本店　東小川店,ヤナギヤホンテンヒガシコガワテン,小売業,1000,"2,000円以上会計で1,000円引き",1,425-0035,静岡県焼津市東小川2丁目1-10,054-629-3244,,https://www.yanagiya.co.jp/chokubai/,,138.3177428,34.8579706
193,やなぎやカフェ,ヤナギヤカフェ,飲食業,500,"1,000円以上会計で500円引き",1,425-0035,静岡県焼津市東小川2丁目1-10,054-629-3244,,https://yanagiyacafe.com/,,138.322409,34.865645
194,喫茶アルハ,キッサアルハ,小売業,500,"1,000円以上会計で500円引き",1,425-0022,静岡県焼津市本町3丁目9-25,054-628-5545,10：00〜16：30　定休日　水曜日・木曜日　物販（手作りジャム・国産はちみつ）使用可,,,138.3267066,34.8567762
195,ととや新兵衛,トトヤシンベエ,飲食業,1000,"2,000円以上会計で1,000円引き",1,425-0032,静岡県焼津市鰯ヶ島136-26うみえ~る焼津2階,054-629-3551,水曜日定休　営業時間月〜金　11：00〜15：00　　土・日　11：00〜15：00　17：00〜21：00,https://totoya-bbq.com/,,138.3058199,34.870296
196,肉匠 篝(かがり),ニクショウカガリ,飲食業,1000,"2,000円以上会計で1,000円引き",1,425-0082,静岡県焼津市大村2丁目30-20,054-639-7986,,https://nbyw600.gorp.jp/,https://www.instagram.com/nikusyo_kagari/,138.3141532,34.8618023
197,焼津 たち吉,ヤイヅタチキチ,飲食業,1000,"2,000円以上会計で1,000円引き",1,425-0026,静岡県焼津市焼津4丁目6番21号,054-627-5771,（昼）日〜土　11：30〜13：30（夜）日〜土　17：00〜22：00（定休日）毎週月曜日（祭日は次の日）,http://www.yaizu-tachikichi.com/honten/,,138.3154654,34.8651764
198,陽楽坊　晴れ晴れ,ヨウラクボウ　ハレバレ,飲食業,1000,"2,000円以上会計で1,000円引き",1,425-0026,静岡県焼津市焼津2丁目4-4,054-625-8085,,https://nc56500.gorp.jp/,,138.3110276,34.859182
199,創作料理　がじゅまる,ソウサクリョウリ　ガジュマル,飲食業,500,"1,000円以上会計で500円引き",1,425-0036,静岡県焼津市西小川2-4-19,054-626-3359,11:30〜14:00 月曜〜金曜　17:30-翌3:00 <定休日> 昼:　土日祝日　夜：日曜日,https://nbvz000.gorp.jp/,,138.282165,34.819054
200,焼肉 東海苑 大井川,ヤキニクトウカイエンオオイガワ,飲食業,1000,"2,000円以上会計で1,000円引き",1,421-0201,静岡県焼津市上小杉763-3,054-622-8488,,https://toukaienooigawa.gorp.jp/,,138.3119076,34.8584408
201,くつろぎ食房かざ花,クツロギショクボウカザハナ,飲食業,1000,"2,000円以上会計で1,000円引き",1,425-0035,静岡県焼津市東小川2-16-3　2F,054-689-1093,,https://nbvz800.gorp.jp/,,138.3193413,34.8712538
202,やまもと,ヤマモト,飲食業,1000,"2,000円以上会計で1,000円引き",1,425-0027,静岡県焼津市栄町2-3-18,054-689-4743,,,https://www.instagram.com/yamamoto0416/,138.2880862,34.8654179
203,そば 一玄,ソバイチゲン,飲食業,500,"1,000円以上会計で500円引き",1,425-0086,静岡県焼津市小土896-7,054-626-8697,昼：11:00〜15:00 夜：17:30〜20:00  定休日：火曜日,,,138.2910579,34.8586465
204,お照ん友,オテント,飲食業,1000,"2,000円以上会計で1,000円引き",1,425-0074,静岡県焼津市柳新屋831,054-620-2377,17:30-23:00 　定休日：月曜,,,138.3119035,34.8584591
205,万事快調,バンジカイチョウ,飲食業,1000,"2,000円以上会計で1,000円引き",1,425-0035,静岡県焼津市東小川2-16-3ゼンセイビル１F中,054-639-9610,,https://x.com/banjikaichou,https://www.instagram.com/banjikaichou1128/,138.3174177,34.8696151
206,1 CHIGO,イチゴー,飲食業,1000,"2,000円以上会計で1,000円引き",1,425-0027,静岡県焼津市栄町6丁目3-19,054-625-9015,,https://1chigo-yaizu.gorp.jp/,,138.3169376,34.8536698
207,伊駄天本店,イダテンホンテン,飲食業,500,"1,000円以上会計で500円引き",1,425-0035,静岡県焼津市東小川4-10-1,054-687-8924,,https://ramen-idaten.com/,,138.3169376,34.8536698
208,Caffe maar,カフェマール,飲食業,500,"1,000円以上会計で500円引き",1,425-0054,静岡県焼津市一色115,090-5102-3257,定休日：月曜日・火曜日　ランチ：土曜日・日曜日（11時〜14時）,https://caffe-maar.jimdosite.com/,,138.309394,34.861038
209,炭火焼 居酒屋 みゆき,スミビヤキイザカヤミユキ,飲食業,1000,"2,000円以上会計で1,000円引き",1,425-0036,静岡県焼津市西小川1-11-20,054-685-9642,,https://nc1d300.gorp.jp/,https://www.instagram.com/sumibiyakiizakayamiyuki/,138.3080693,34.8501284
210,炭火串焼　酒楽,スミビクシヤキ　シュラク,飲食業,1000,"2,000円以上会計で1,000円引き",1,425-0036,静岡県焼津市西小川8-1-6志桜ビル201,054-631-9459,,https://nc5n200.gorp.jp/,https://www.instagram.com/syuraku_kushiyaki/,138.3106318,34.8641637
211,フランス菓子　ラ・フォセット,フランスガシ　ラ・フォセット,飲食業,500,"1,000円以上会計で500円引き",1,425-0026,静岡県焼津市焼津2丁目13-7,054-621-5555,,http://la-fossette.com,,138.3110191,34.8591871
212,まなとら,マナトラ,飲食業,1000,"2,000円以上会計で1,000円引き",1,425-0036,静岡県焼津市西小川2丁目4-19ジェネス1F,054-631-5915,月〜土　17:00〜23:00　定休日：日曜日,,,138.3148041,34.843372
213,炭火焼肉 SUPER和牛 焼肉専門店,スミビヤキニク　スーパーワギュウ　ヤキニクセンモンテン,飲食業,1000,"2,000円以上会計で1,000円引き",1,425-0041,静岡県焼津市石津638,054-623-2929,,http://www.superwagyu.com/,,138.3148041,34.843372
214,焼肉のかねまる　焼津店,ヤキニクノカネマルヤイヅテン,飲食業,1000,"2,000円以上会計で1,000円引き",1,425-0031,静岡県焼津市小川新町4-1-1,054-631-5529,,https://niku-kanemaru.com/71793/%E7%84%BC%E8%82%89%E3%81%AE%E3%81%8B%E3%81%AD%E3%81%BE%E3%82%8B/%E7%84%BC%E6%B4%A5%E5%BA%97/,,138.3151803,34.862013
215,四代目肉の良知,ヨンダイメニクノラチ,飲食業,1000,"2,000円以上会計で1,000円引き",1,425-0026,静岡県焼津市焼津4丁目3-7,050-1195-0242,,https://niku-kanemaru.com/71793/%E5%9B%9B%E4%BB%A3%E7%9B%AE%E8%82%89%E3%81%AE%E8%89%AF%E7%9F%A5/,,138.3151803,34.862013
216,焼肉のかねまる　西焼津店,ヤキニクノカネマルニシヤイヅテン,飲食業,1000,"2,000円以上会計で1,000円引き",1,425-0073,静岡県焼津市小柳津224-1,054-629-8929,,https://niku-kanemaru.com/71793/%E7%84%BC%E8%82%89%E3%81%AE%E3%81%8B%E3%81%AD%E3%81%BE%E3%82%8B/%E8%A5%BF%E7%84%BC%E6%B4%A5%E5%BA%97/,,138.298768,34.859471
217,ハットリ製茶,ハットリセイチャ,小売業,500,"1,000円以上会計で500円引き",1,425-0071,静岡県焼津市三ケ名787-1,054-629-5057,9時から18時,,https://www.instagram.com/hattoriseicha.yaidu/,138.3103659,34.827523
218,ハンドメイドサロン Violalily,ハンドメイドサロン ヴィオラリリー,その他,500,"1,000円以上会計で500円引き",1,425-0054,静岡県焼津市一色808-1,080-2247-5907,,,https://www.instagram.com/violalily73/,138.2638886,34.8069789
219,吉津屋商店,ヨシヅヤショウテン,小売業,1000,"2,000円以上会計で1,000円引き",1,421-0216,静岡県焼津市相川1057-1,054-622-3035,,,https://www.instagram.com/yoshizuyasyouten/,138.3150162,34.8436287
220,Dolce Garden W,ドルチェガーデンダブリュウ,飲食業,500,"1,000円以上会計で500円引き",1,425-0041,静岡県焼津市石津2丁目1-4,090-3630-8302,営業時間9時30分〜16時30分(ラストオーダー16時),,https://www.instagram.com/dolcegarden_w/,138.3085084,34.8473365
221,コハマ小川店,コハマコガワテン,小売業,500,"1,000円以上会計で500円引き",1,425-0037,静岡県焼津市南小川1丁目17番地５,054-656-0070,,,https://www.instagram.com/kohamakogawa/,138.2899879,34.8469111
222,真弥,シンヤ,飲食業,1000,"2,000円以上会計で1,000円引き",1,425-0072,静岡県焼津市大住711-2,054-620-3577,（昼）9：00〜14：00（夜）予約（定休日）水曜日,,https://www.instagram.com/yaizu_shinya/,138.332777,34.839996
223,ヘアモードスカイ,ヘアモードスカイ,その他,1000,"2,000円以上会計で1,000円引き",1,425-0051,静岡県焼津市田尻北1501-7,054-624-7245,,,,138.312935,34.8586222
224,洋菓子屋アイリー,ヨウガシヤアイリー,飲食業,1000,"2,000円以上会計で1,000円引き",1,425-0035,静岡県焼津市東小川2-17-5,054-620-3800,,,,138.3202952,34.8698005
225,ハンドメイド＆雑貨のお店　KURISANCHI,ハンドメイドアンドザッカノオミセ　クリサンチ,小売業,1000,"2,000円以上会計で1,000円引き",1,425-0027,静岡県焼津市栄町3-3-32,非公開,,,https://www.instagram.com/kurisanchi/,138.2975781,34.8659015
226,RISE,ライズ,その他,500,"1,000円以上会計で500円引き",1,425-0086,静岡県焼津市小土644-7,054-629-8990,,,https://www.instagram.com/explore/,138.2975734,34.8658951
227,エステルーム Ruby,エステルームルビー,その他,1000,"2,000円以上会計で1,000円引き",1,425-0086,静岡県焼津市小土644-7,054-620-2022,,https://page.line.me/iuu9038p,,138.3167112,34.8711937
228,ムーチョ　メキシカンダイニング,ムーチョ　メキシカンダイニング,飲食業,1000,"2,000円以上会計で1,000円引き",1,425-0027,静岡県焼津市栄町1丁目8-14デイジービル2F,054-269-4134,,,https://www.instagram.com/yaizu.mucho/,138.319676,34.867137
229,松屋,マツヤ,小売業,1000,"2,000円以上会計で1,000円引き",1,425-0028,静岡県焼津市栄町5-5-1,054-628-3360,魚屋とランチ、両方利用できます。,,,138.316432,34.864826
230,菓子職人リリピット,カシショクニンリリピット,飲食業,500,"1,000円以上会計で500円引き",1,425-0026,静岡県焼津市焼津2-1-7,054-689-1693,,https://www.riripitto.com/,,138.3159303,34.8663615
231,薬のふくち,クスリノフクチ,小売業,1000,"2,000円以上会計で1,000円引き",1,425-0026,静岡県焼津市焼津1-3-21,054-629-3114,営業時間9：00〜19：00　日曜・祝日定休日,http://fukutids.com/,https://www.instagram.com/kusurinofukuchi/,138.3159303,34.8663615
232,中国パレス,チャイナパレス,飲食業,1000,"2,000円以上会計で1,000円引き",1,425-0037,静岡県焼津市南小川1丁目18-4,054-624-9222,第二弾(1/24〜2/2)のみ参加させて下さい。第一弾(11/22〜12/1)は不参加でお願いします,http://www.chaipare.com/,https://www.instagram.com/chinapalace_official/,138.3187351,34.8714216
233,ダイニングバーbj,ダイニングバービージェー,飲食業,1000,"2,000円以上会計で1,000円引き",1,425-0027,静岡県焼津市栄町1丁目2-11小林ビル2F,054-625-7620,,,,138.3211591,34.8609497
234,足平蒲鉾,アシヘイカマボコ,小売業,500,"1,000円以上会計で500円引き",1,425-0022,静岡県焼津市本町6-7-9,054-628-3008,営業日　火曜〜土曜　営業時間　11：00〜16：00　定休日　日曜・月曜,https://www.ashihei.com/,,138.3184631,34.87139
235,たこ焼き＆スマイル,タコヤキアンドスマイル,飲食業,500,"1,000円以上会計で500円引き",1,425-0027,静岡県焼津市栄町1丁目5-17,080-9472-6286,定休日：月曜日（月曜が祝日の場合は翌日が休業）　営業時間：火曜日〜土曜日／11時-14時、16時-24時　日曜日、祝日／10時ｰ14時、15時-19時,,https://www.instagram.com/tako__suma/,138.322317,34.85903
236,川口呉服店,カワグチゴフクテン,小売業,1000,"2,000円以上会計で1,000円引き",1,425-0031,静岡県焼津市小川新町1丁目14-14,054-629-5290,9:00~18:00　定休日　毎週月曜日,http://www.kawaguchigofukuten.com/,,138.3128067,34.8432411
237,スウィングスポーツ,スウィングスポーツ,小売業,1000,"2,000円以上会計で1,000円引き",1,425-0041,静岡県焼津市石津2-4-7,054-624-7544,営業時間　10：00〜19：30　定休日　水曜日,https://swing-sports.jimdofree.com/,,138.300337,34.85463
238,杉山安商店,スギヤマヤスショウテン,小売業,1000,"2,000円以上会計で1,000円引き",1,425-0071,静岡県焼津市三ケ名392,070-6580-3012,営業時間　午後1：00〜6：00,https://sugiyasu-uogashi.com/,,138.2902429,34.858442
239,ゴルフドゥ西焼津店,ゴルフドゥニシヤイヅテン,小売業,1000,"2,000円以上会計で1,000円引き",1,425-0074,静岡県焼津市柳新屋843,054-631-7258,6/30　担当者　増田太地　⇒　鈴木　一成へ変更。　　増田,https://www.golfdo.co.jp/tenpo/list/nishiyaizu.html,,138.3230669,34.8689846
240,新屋食堂アヤナイ,アラヤショクドウアヤナイ,飲食業,1000,"2,000円以上会計で1,000円引き",1,425-0022,静岡県焼津市本町1-4-13,054-629-7363,,https://arayashokudouayanai.jp/,,138.3101134,34.8453564
241,SPORTS SHOP Kona,スポーツショップコナ,小売業,1000,"2,000円以上会計で1,000円引き",1,425-0034,静岡県焼津市与惣次１丁目18-29,054-270-3560,,,https://www.instagram.com/sports.shop.kona/,138.3015092,34.8582576
243,石原水産マリンステーション,イシハラスイサンマリンステーション,小売業,1000,"2,000円以上会計で1,000円引き",1,425-0091,静岡県焼津市八楠2-5-2,054-629-7420,,https://ishiharasuisan.co.jp/,,138.3170188,34.844292
244,リラクゼーションサロンASPLIR,リラクゼーシヨンサロン　アスプリール,その他,1000,"2,000円以上会計で1,000円引き",1,425-0041,静岡県焼津市石津3丁目22-6,090-5628-8191,,https://asplir0615.amebaownd.com/,https://www.instagram.com/asplir0615/,138.311339,34.8549213
245,メチャ安のやおや　すゞや,メチャヤスノヤオヤスズヤ,小売業,500,"1,000円以上会計で500円引き",1,425-0035,静岡県焼津市東小川5丁目12-3,054-628-5487,月〜土　7：30〜18：00　定休日　毎週日曜日,,,138.3107609,34.8400924
246,トレジュエ,トレジュエ,小売業,500,"1,000円以上会計で500円引き",1,425-0041,静岡県焼津市石津1-19-2,054-397-5053,,https://www.instagram.com/tresjouer/,https://www.instagram.com/tresjouer/,138.287539,34.8509782
247,そば屋案山棒,ソバヤアンサンボウ,飲食業,500,"1,000円以上会計で500円引き",1,425-0072,静岡県焼津市大住99,054-627-7222,クーポンは、朝そばと昼そばでお使いいただけます。,,https://www.instagram.com/ansanbow_yukarin/,138.3245749,34.8731116
248,PORTERS CAFE,ポーターズカフェ,飲食業,500,"1,000円以上会計で500円引き",1,425-0021,静岡県焼津市中港3-1-16 焼津POTERS 1Fフードコート内,090-1207-5439,,,,138.3245966,34.8731746
249,こめふく,コメフク,飲食業,500,"1,000円以上会計で500円引き",1,425-0021,静岡県焼津市中港3-1-16 焼津POTERS 1Fフードコート内,090-3349-5029,,https://sites.google.com/view/komefuku-yaizu/%E3%83%9B%E3%83%BC%E3%83%A0,https://www.instagram.com/komefuku_yaizu/,138.3247597,34.8732156
251,大鈴屋豆腐店　焼津店,オオスズヤトウフテン　ヤイヅテン,飲食業,500,"1,000円以上会計で500円引き",1,425-0035,静岡県焼津市東小川8-12-8 A号棟,054-665-6267,,https://www.suruga2525.com/,https://www.instagram.com/oosuzuyatofu/,138.3052084,34.8806688
252,名代とんかつ　勝富　焼津インター店,ナダイトンカツ　カツトミ　ヤイズインターテン,飲食業,1000,"2,000円以上会計で1,000円引き",1,425-0091,静岡県焼津市八楠4-12-29,054-620-1003,,http://www.autobacs.net/katsutomi-web/,,138.3032547,34.8774314
253,オートバックス　焼津店,オートバックスヤイヅテン,小売業,1000,"2,000円以上会計で1,000円引き",1,425-0088,静岡県焼津市大覚寺1丁目1番地の3,054-629-2807,,https://www.autobacs.com/store/top/top?store=119005,,138.3048023,34.8772615
254,まいどおおきに焼津八楠食堂,マイドオオキニヤイズヤグスショクドウ,飲食業,500,"1,000円以上会計で500円引き",1,425-0091,静岡県焼津市八楠4-2-3,054-626-7500,,https://www.fujiofood.com/shop_search/shokudo/shop_0861.php,,138.32017,34.843681
256,private salon Lino,プライベート　サロン　リノ,その他,1000,"2,000円以上会計で1,000円引き",1,425-0086,静岡県焼津市小土539-5,,,https://lin.ee/T4SkVit,https://www.instagram.com/private_salon_lino_/,138.3008688,34.868965
258,（株）寺岡銈吉商店,テラオカケイキチショウテン,小売業,1000,"2,000円以上会計で1,000円引き",1,425-0026,静岡県焼津市焼津6丁目4-16,054-628-3669,平日：10：00-17：00　土曜：10：00-14：00　日曜祝日定休,https://terakei.official.ec/,https://www.instagram.com/mytsukudani3/,138.3236064,34.8602365
259,川直　工場直売所,カワナオ　コウジョウチョクバイジョ,小売業,500,"1,000円以上会計で500円引き",1,425-0025,静岡県焼津市城之腰15,054-628-2306,,https://kawanao.buyshop.jp/,https://www.instagram.com/kawanao_yaizu/,138.319238,34.825962
260,ラボコスメSHIBAHARA,ラボコスメ　シバハラ,小売業,1000,"2,000円以上会計で1,000円引き",1,425-0052,静岡県焼津市田尻1685,054-624-5791,営業時間　9:00-19:00　定休日　火曜日,http://lifeasart.jp,https://www.instagram.com/labcosmeshibahara/,138.2930244,34.8696315
261,Second Life～自然療法～,セカンドライフ　シゼンリョウホウ,その他,1000,"2,000円以上会計で1,000円引き",1,425-0086,静岡県焼津市小土224-2,080-1550-6812,,http://secondlife-relaxation.com,https://www.instagram.com/second_life_relaxation/,138.3066291,34.8836845
263,Fiorita,フィオリータ,飲食業,1000,"2,000円以上会計で1,000円引き",1,425-0028,静岡県焼津市駅北4-7-11,054-621-5366,,,https://www.instagram.com/fiorita1220/,138.319012,34.870892
264,大國家,オオクニヤ,小売業,500,"1,000円以上会計で500円引き",1,425-0027,静岡県焼津市栄町1-3-7,054-628-2212,,https://r.goope.jp/ok2212/,,138.3146868,34.8644585
265,写真のサクライ,シャシンノサクライ,小売業,1000,"2,000円以上会計で1,000円引き",1,425-0026,静岡県焼津市焼津2丁目6-2,054-626-4886,,https://www.shizuokaphoto.com,,138.2990333,34.8696812
266,ＯＡナガシマ志太店,オーエーナガシマシダテン,小売業,1000,"2,000円以上会計で1,000円引き",1,425-0086,静岡県焼津市小土471-1,054-620-8290,,https://www.zoa.co.jp,,138.3218113,34.8630073
267,メガネのサトウ,メガネノサトウ,小売業,1000,"2,000円以上会計で1,000円引き",1,425-0022,静岡県焼津市本町5-11-3,054-628-4491,営業時間　9:30~18:00,http://www2.tokai.or.jp/sugar/,,138.321384,34.864715
269,石窯パン工房パトン　焼津店,イシガマパンコウボウパトン　ヤイヅテン,飲食業,500,"1,000円以上会計で500円引き",1,425-0037,静岡県焼津市南小川2丁目27-1,054-656-0810,,https://paton0810.com,,138.3019585,34.8205485
270,ケーキショップ　Kettlewhistle,ケーキショップ　ケトルホイッスル,飲食業,500,"1,000円以上会計で500円引き",1,425-0066,静岡県焼津市大島1779-2,054-625-9501,特にありません。,,https://www.instagram.com/kettle_whistle/,138.3253883,34.8470768
271,居酒屋ぽぱい,イザカヤポパイ,飲食業,1000,"2,000円以上会計で1,000円引き",1,425-0033,静岡県焼津市小川3346,054-624-8068,,,,138.3205752,34.8710674
272,母ちゃんの台所ふく,カアチャンノダイドコロフク,飲食業,1000,"2,000円以上会計で1,000円引き",1,425-0027,静岡県焼津市栄町2-7-24,054-631-9862,パン教室の講座代金には使えません,https://oc3ja.hp.peraichi.com/,https://www.instagram.com/baba_no_siro/,138.322852,34.8630776
273,クリーニングのみやうち,クリーニングノミヤウチ,その他,500,"1,000円以上会計で500円引き",1,425-0022,静岡県焼津市本町4-19-8,054-628-3842,,https://cleaning-miyauchi.wixsite.com/cleaning-miyauchi,,138.3164387,34.8701519
274,からあげ専門店　鶏笑焼津駅前店,カラアゲセンモンテン　トリショウヤイヅエキマエテン,飲食業,500,"1,000円以上会計で500円引き",1,425-0027,静岡県焼津市栄町1-12-8,054-628-7643,営業時間　11時〜14時、17時〜20時　火曜日定休日,https://srs-holdings.co.jp/,https://www.instagram.com/torishou.yaizu/,138.3028342,34.8408553
275,洋品のさくらや,ヨウヒンノサクラヤ,小売業,1000,"2,000円以上会計で1,000円引き",1,425-0047,静岡県焼津市東祢宜島１７ー7,054-623-1709,,,,138.3083224,34.8611505
276,牛阿呆,ウシアホウ,飲食業,1000,"2,000円以上会計で1,000円引き",1,425-0036,静岡県焼津市西小川2-10-19,054-639-6147,,https://ushiahou.com,,138.3083224,34.8611505
278,オリジナルジュエル宝石箱,オリジナルジュエルホウセキバコ,小売業,1000,"2,000円以上会計で1,000円引き",1,425-0022,静岡県焼津市本町4-2-11,054-627-4114,,,https://www.instagram.com/yaizu.housekibako/,138.2832922,34.8586687
279,食事処すずき,ショクジドコロスズキ,飲食業,500,"1,000円以上会計で500円引き",1,425-0075,静岡県焼津市西焼津32-1ラポート102,090-3589-1564,,,,138.2836199,34.8656399
280,酒蔵いとう,サカグライトウ,小売業,1000,"2,000円以上会計で1,000円引き",1,425-0087,静岡県焼津市保福島1135,054-628-4030,定休日：月曜日/第二・第四火曜日　営業時間：朝9時〜夜7時まで。,https://www.ito-sake.info/,https://www.instagram.com/ito.saketen/,138.319409,34.833741
281,ペットの美容室　犬のしっぽ,ペットノビヨウシツ　イヌノシッポ,その他,1000,"2,000円以上会計で1,000円引き",1,425-0058,静岡県焼津市北新田287,054-624-7527,,https://inunosippo.jimdofree.com/,https://www.instagram.com/inunosippo5133/,138.3086142,34.8518911
282,櫻や,サクラヤ,飲食業,1000,"2,000円以上会計で1,000円引き",1,425-0035,静岡県焼津市東小川7丁目19-8,054-621-6100,,,,138.3227847,34.8675905
283,カルマカフェ　Karma Cafe,カルマカフェ,飲食業,500,"1,000円以上会計で500円引き",1,425-0022,静岡県焼津市本町2-16-45,054-631-5103,,https://www.zentrayoga.com/karma-cafe,https://www.instagram.com/karmacafeom/,138.3228005,34.8675841
284,ゼントラヨガスタジオ,ゼントラヨガスタジオ,その他,1000,"2,000円以上会計で1,000円引き",1,425-0022,静岡県焼津市本町2-16-45,054-631-5103,,https://www.zentrayoga.com,,138.3034862,34.8540951
287,ミナトスポーツ,ミナトスポーツ,小売業,1000,"2,000円以上会計で1,000円引き",1,425-0071,静岡県焼津市三ヶ名1341-2,054-628-7738,,,,138.296492,34.796149
288,べんてん,ベンテン,小売業,1000,"2,000円以上会計で1,000円引き",1,421-0211,静岡県焼津市吉永777,054-622-0107,,,,138.3213297,34.8619558
289,ルアーショップ・マスオカ,ルアーショップマスオカ,小売業,1000,"2,000円以上会計で1,000円引き",1,425-0022,静岡県焼津市本町5-8-15,054-628-5650,,https://masuoka.link/,,138.2843713,34.8486562
290,リンクス西焼津ゴルフガーデン,リンクスニシヤイヅゴルフガーデン,その他,500,"1,000円以上会計で500円引き",1,425-0072,静岡県焼津市大住406-1,054-626-6211,クーポンは売店商品のみ利用可　ICカードへのチャージは利用不可,https://linksnishiyaizugolfgarden.jimdofree.com/,,138.322014,34.865068
291,美Ｆｒｉｅｎｄｓサカエヤ,ビフレンズサカエヤ,小売業,500,"1,000円以上会計で500円引き",1,425-0022,静岡県焼津市本町3-7-5,054-628-2871,営業時間　１０時〜18時　（水曜定休）,https://www.kireie.com/shop/shizuoka/22212/3291/,,138.322014,34.865068
292,さいとう農園カフェtete,サイトウノウエンカフェテテ,飲食業,1000,"2,000円以上会計で1,000円引き",1,425-0066,静岡県焼津市大島1329,070-8394-6869,,https://www.saitounouen-yaizu.com/,https://www.instagram.com/saito.nouen/,138.312974,34.8590311
293,麺のWA,メンノワ,飲食業,500,"1,000円以上会計で500円引き",1,425-0035,静岡県焼津市東小川2-17-13マンション小池Ｃ,,,https://www.instagram.com/men_nowa,https://www.instagram.com/men_nowa/,138.32189,34.8716788
294,アンビアオートサーヴィス,アンビアオートサーヴィス,その他,1000,"2,000円以上会計で1,000円引き",1,425-0021,静岡県焼津市中港１丁目3-4,054-628-6305,,http://www.ambia.co.jp/autotop.html,,138.3181031,34.8722553
295,ベルマートキヨスク焼津28号,ベルマートキヨスクヤイヅ２８ゴウ,小売業,500,"1,000円以上会計で500円引き",1,425-0027,静岡県焼津市栄町1-1-1,054-620-8041,,,,138.3181031,34.8722553
297,和食や　みさき,ワショクヤ　ミサキ,飲食業,1000,"2,000円以上会計で1,000円引き",1,425-0035,静岡県焼津市東小川7-19-6,054-671-1900,ご来店の際にはお電話いただきたいです。またお支払ですが、可能な限り現金にてお願いします。,http://www.wasyokuya-misaki.com,,138.3134407,34.8713947
298,焼津の小さな整体院,ヤイヅノチイサナセイタイイン,その他,1000,"2,000円以上会計で1,000円引き",1,425-0081,静岡県焼津市大栄町1-3-6,054-628-7010,,https://c-seitai.com/,,138.307605,34.844179
299,焼肉 宮（MIYA）,ヤキニクミヤ,飲食業,1000,"2,000円以上会計で1,000円引き",1,425-0041,静岡県焼津市石津2-1カネツビル1-D,054-659-8140,,https://www.hotpepper.jp/strJ003582317/,https://www.instagram.com/yakiniku.miya/,138.3197651,34.8643706
300,光月堂,コウゲツドウ,小売業,500,"1,000円以上会計で500円引き",1,425-0022,静岡県焼津市本町4-1-17,054-629-2331,水曜日〜日曜日:9:30〜17:30　定休日：月曜・火曜,,,138.288711,34.8714897
301,らーめん まごころ,ラーメンマゴコロ,飲食業,500,"1,000円以上会計で500円引き",1,425-0088,静岡県焼津市大覚寺294-1,054-908-9480,７時30分から１３時20分迄,,,138.2917725,34.8446936
302,リカーズグリーン,リカーズグリーン,小売業,1000,"2,000円以上会計で1,000円引き",1,425-0068,静岡県焼津市中新田251-3,054-624-3210,営業時間9：00〜20：00　定休日　水曜日,https://green.ocnk.net/,https://www.instagram.com/green.yaizu/,138.3104778,34.8304933
303,和人　旬の菜と旨い酒,ワジン　シュンノナトウマイサケ,飲食業,1000,"2,000円以上会計で1,000円引き",1,425-0054,静岡県焼津市一色728-1,054-623-5033,,https://www.wajin-yaizu.com/,,138.3104778,34.8304933
304,文具ランド弘文堂,ブングランドコウブンドウ,小売業,500,"1,000円以上会計で500円引き",1,425-0036,静岡県焼津市西小川3丁目15-5,054-628-8546,営業時間　平日８時-18時半　土曜日8時-18時　定休日　日曜日　＊郵便切手は対象外,,,138.297426,34.8627796
305,スポーツショップトータス,スポーツショップトータス,小売業,1000,"2,000円以上会計で1,000円引き",1,425-0077,静岡県焼津市五ケ堀之内834-3,054-626-3333,営業時間　１０：００〜１８：００　定休日　水曜日　木曜日,http://tortoise-jp.com/,https://www.instagram.com/akirakameyama/,138.3098209,34.8505031
306,食彩酒房　えびすけ,ショクサイシュボウ　エビスケ,飲食業,1000,"2,000円以上会計で1,000円引き",1,425-0035,静岡県焼津市東小川8丁目5-33,054-629-1158,17:30〜23:00 定休日：月曜日　月に1回、月曜・火曜日の連休あります。,,,138.3098209,34.8505031
307,東京薬局,トウキョウヤッキョク,小売業,1000,"2,000円以上会計で1,000円引き",1,425-0027,静岡県焼津市栄町3丁目7番9号,054-628-2370,営業時間　平日：8：30〜18：00　土曜日：8：30〜15：00　休日：日曜日・祝日,https://www.yaizu-tokyoyakkyoku.com/,https://www.instagram.com/tokyoyakkyoku.tokyoblossom/,138.3040533,34.8803856
308,ジェリーズポップコーン　焼津インター店,ジェリーズポップコーン　ヤイズインターテン,小売業,500,"1,000円以上会計で500円引き",1,425-0091,静岡県焼津市八楠4丁目13-7　焼津さかなセンターバス駐車場付近,,,,https://www.instagram.com/jerrys_popcorn_812/,138.311388,34.858957
309,炭火串焼　輪,スミビクシヤキ　リン,飲食業,1000,"2,000円以上会計で1,000円引き",1,425-0036,静岡県焼津市西小川2-2-6,054-627-9171,,,,138.2910294,34.845772
310,VIVI　サカエヤ,ヴィヴィ　サカエヤ,小売業,1000,"2,000円以上会計で1,000円引き",1,425-0072,静岡県焼津市大住1053,054-624-7977,,,,138.290369,34.864468
312,セブンイレブン　焼津3丁目店,セブンイレブンヤイズサンチョウメテン,小売業,500,"1,000円以上会計で500円引き",1,425-0026,静岡県焼津市焼津3丁目9-26,054-626-5338,24時間営業,,,138.3006807,34.8291525
313,セブンイレブン　焼津三和店,セブンイレブンヤイズミワテン,小売業,500,"1,000円以上会計で500円引き",1,425-0064,静岡県焼津市三和1047,054-623-1153,24時間営業,,,138.2891546,34.8501191
314,セブンイレブン　焼津大住店,セブンイレブンヤイズオオズミテン,小売業,500,"1,000円以上会計で500円引き",1,425-0072,静岡県焼津市大住59-1,054-626-4438,24時間営業,,,138.3075718,34.8441256
315,焼津整体院そら,ヤイズセイタイインソラ,その他,1000,"2,000円以上会計で1,000円引き",1,425-0041,静岡県焼津市石津2-1カネツビル1-C,080-4214-5899,月曜〜土曜　9:00〜21:00 　定休日：毎週日曜日,https://seitaisora.studio.site/,https://www.instagram.com/yaizuseitaisora/,138.321534,34.864098
317,和菓子処　昇栄堂,ワガシドコロ　ショウエイドウ,小売業,500,"1,000円以上会計で500円引き",1,425-0077,静岡県焼津市五ケ堀之内436,054-628-6413,,,,138.3080113,34.8486265
318,メガネ赤札堂　焼津店,メガネアカフダドウヤイヅテン,小売業,1000,"2,000円以上会計で1,000円引き",1,425-0033,静岡県焼津市小川4014-2,054-639-5200,,https://www.megane-akafudado.com/store/yaizu.html,,138.3111428,34.8595577
319,焼津谷島屋登呂田店,ヤイヅヤジマヤ　トロタテン,小売業,500,"1,000円以上会計で500円引き",1,425-0036,静岡県焼津市西小川2-1-8,054-629-4848,金券類でのクーポン利用は不可,https://x.com/yaizuyajimaya,,138.3041107,34.8797864
320,切身・漬魚専門店　魚・魚(to・to),キリミツケウオセンモンテン　トト,小売業,500,"1,000円以上会計で500円引き",1,425-0091,静岡県焼津市八楠4-15-28,054-628-0781,定休日：日曜〜水曜・祝日（木曜不定休）　繁忙期（7月、12月等）は月曜、火曜日の営業もあり（詳しくはホームページ・Instagramにてご案内）,https://imaru-toto.com/,https://www.instagram.com/toto1010_yaizu/,138.318723,34.871009
321,C・E・R・A和香,セラワコウ,小売業,1000,"2,000円以上会計で1,000円引き",1,425-0027,静岡県焼津市栄町1-4-1,054-628-4459,,http://www.cerawako.com/,,138.319454,34.865454
322,有限会社徳田屋,トクダヤ,小売業,1000,"2,000円以上会計で1,000円引き",1,425-0026,静岡県焼津市焼津6-2-16,054-628-2748,,,,138.307605,34.844179
323,喜助家,キスケヤ,飲食業,500,"1,000円以上会計で500円引き",1,425-0041,静岡県焼津市黒石二丁目2-1カネツビル1階1-B,090-2260-3103,,,https://www.instagram.com/kisukeya_rush/,138.3133137,34.8584665
324,餃子番長,ギョウザバンチョウ,飲食業,1000,"2,000円以上会計で1,000円引き",1,425-0035,静岡県焼津市東小川2-11-15,054-629-1598,,https://gyouzabannchou.owst.jp/,,138.2926022,34.8548971
325,シーカープ,シーカープ,飲食業,1000,"2,000円以上会計で1,000円引き",1,425-0077,静岡県焼津市五ケ堀之内1458-1,054-620-1116,（昼）月〜金　11：00〜14：00　　土曜日・祝日　11：00〜22：00（夜）月〜金　17：00〜22：00（定休日）毎週日曜日,,https://www.instagram.com/c.carp_yaizu_shizuoka/,138.3176971,34.8742071
326,Desir,デジー,その他,1000,"2,000円以上会計で1,000円引き",1,425-0028,静岡県焼津市駅北4丁目1-18 Alivio 101号室,054-625-8280,,https://beauty.hotpepper.jp/kr/slnH000494657/?cstt=6,https://www.instagram.com/desir.nail/,138.3110121,34.8591681
327,天ぷら割烹　齋とう,テンプラカッポウ　サイトウ,飲食業,1000,"2,000円以上会計で1,000円引き",1,425-0036,静岡県焼津市西小川2-4-19 ジュネス登呂田101,054-397-6753,定休日変更あり……定休日：火曜日、第二・第四月曜日   (月曜日が祝日の場合は営業),https://www.tenpurasaitou.com/,,138.3178097,34.8404108
328,菓子屋ミラベル,カシヤミラベル,小売業,1000,"2,000円以上会計で1,000円引き",1,425-0041,静岡県焼津市石津4丁目15-15,054-639-7961,営業時間：10:00〜18:00　定休日：木曜日(木曜が祝日の場合、別曜日),https://mirabelle.co.jp/,https://www.instagram.com/mirabelle.co.jp/,138.306422,34.878214
329,酒ゃビック焼津店,サカヤビックヤイヅテン,小売業,1000,"2,000円以上会計で1,000円引き",1,425-0091,静岡県焼津市八楠3丁目11-8,054-629-5267,営業時間１０：００〜２０：００,https://www.sakayabic.co.jp/store/100121.html,,138.31154,34.859395
330,酒ゃビック西小川店,サカヤビックニシコガワテン,小売業,1000,"2,000円以上会計で1,000円引き",1,425-0036,静岡県焼津市西小川2丁目1-17,054-620-9751,営業時間10：00〜20：00,https://sakayabic.co.jp/store/100142.html,,138.31154,34.859395
331,川直　焼津さかなセンター店,カワナオ　ヤイヅサカナセンターテン,小売業,500,"1,000円以上会計で500円引き",1,425-0091,静岡県焼津市八楠4-13-7,054-627-7928,,https://kawanao.shopinfo.jp/,https://www.instagram.com/kawanao_yaizu/,138.325786,34.873942
332,食事処　かどや,ショクジドコロ　カドヤ,飲食業,1000,"2,000円以上会計で1,000円引き",1,425-0021,焼津市中港3-4-31,054-628-4951,営業時間　昼　11時〜13時30分LO　夜　17時〜19時30分LO　7/28日（月）7/29日（火）お休みです。,,,138.2768998,34.8121145
333,Bijou doux,ヴィジュ　ドゥ,小売業,500,"1,000円以上会計で500円引き",1,421-0205,焼津市宗高1427-3,054-664-4567,,,https://www.instagram.com/bijou_doux/,138.307366,34.881732
334,きさらぎ,キサラギ,飲食業,1000,"2,000円以上会計で1,000円引き",1,425-0091,焼津市八楠2-25-13,054-627-8426,平日：11:00〜13:30 16:00〜21:30　日、祝：11:00〜13:30 16:00〜20:30,,https://www.instagram.com/kisaragi_komomo/,138.3060501,34.8427707
335,ラヴィエベル,ラヴィエベル,小売業,500,"1,000円以上会計で500円引き",1,425-0038,焼津市黒石2丁目3番地の14,054-623-7203,定休日：毎週月、火（休日は営業）,lavieestbelle2002.com,,138.3072743,34.8442326
336,食楽　えんや,ショクラク　エンヤ,飲食業,1000,"2,000円以上会計で1,000円引き",1,425-0041,焼津市石津1-9-17,054-623-0151,,,https://www.instagram.com/yaizu_enya/,138.3108092,34.8426141
337,ISO,イソ,飲食業,1000,"2,000円以上会計で1,000円引き",1,425-0028,焼津市駅北2丁目14-11ロイヤルハイツ,054-628-9430,,,,138.32027,34.869248
339,スギヤマ時計店,スギヤマトケイテン,小売業,500,"1,000円以上会計で500円引き",1,425-0027,焼津市栄町6-2-1,054-628-4576,水曜定休,http://www2.wbs.ne.jp/~s-watch/,,138.2640248,34.8070894
340,うさぎとこむぎ,ウサギトコムギ,飲食業,500,"1,000円以上会計で500円引き",1,421-0216,焼津市相川1057-1,054-622-3035,,,https://www.instagram.com/usagitokomugi/,138.3166722,34.8722126
341,西島薬局,ニシジマヤッキョク,小売業,1000,"2,000円以上会計で1,000円引き",1,425-0028,焼津市駅北2-6-11,054-628-7061,処方せん以外利用可能,,,138.3166722,34.8722126
342,ファッションサロン　花ぞの,ファッションサロン　ハナゾノ,小売業,1000,"2,000円以上会計で1,000円引き",1,425-0026,静岡県焼津市焼津5-1-1,054-628-1641,営業日　火〜土(10:00〜17:30),,,138.2907143,34.8336074
343,とうそん焼津店,トウソンヤイヅテン,飲食業,500,"1,000円以上会計で500円引き",1,425-0036,焼津市西小川4-16-6,054-628-8166,営業時間10:00から15:00（ラストオーダー14:30)　水曜日定休,www.towson-shizuoka.com,https://www.instagram.com/towsonramen/,138.303878,34.845295
344,地酒　やすだや,ジザケ　ヤスダヤ,小売業,1000,"2,000円以上会計で1,000円引き",1,425-0055,焼津市道原1181-2,054-623-3093,休日　毎日曜日と第2.と第3月曜日　営業時間　AM9：00〜P M19:00,,,138.304531,34.879255
345,アップル車検クラシマ,アップルシャケンクラシマ,その他,1000,"2,000円以上会計で1,000円引き",1,425-0091,静岡県焼津市八楠4-9-10,054-627-2255,営業時間は9：00〜17：30,info@kurara-cars.jp,,138.304531,34.879255
346,韓の食卓イェッコル,カンノショクタクイェッコル,飲食業,1000,"2,000円以上会計で1,000円引き",1,425-0036,焼津市西小川2-1-6,054-637-9199,11月22日は半年前から貸切の予約が入っていますので当店は23日から開始したいと思います,,https://www.instagram.com/yetgol.yaizu/,138.3343837,34.8807383
347,あたびーcafe,アタビーカフェ,飲食業,500,"1,000円以上会計で500円引き",1,425-0012,焼津市浜当目4-13-18,054-639-6768,,,https://www.instagram.com/atabee0409/,138.3109072,34.8637808
348,マルイチ　焼津本店,マルイチ　ヤイヅホンテン,小売業,1000,"2,000円以上会計で1,000円引き",1,425-0026,静岡県焼津市焼津3-9-37,054-628-4101,,https://www.maruichi-kagu.co.jp,https://www.instagram.com/maruichikagu/,138.31854,34.873334
349,ちゆう,チユウ,飲食業,1000,"2,000円以上会計で1,000円引き",1,425-0028,焼津市駅北1丁目5-1コーポ松永102,054-330-1751,,https://www.chiyu-yaizu.com/,,138.308572,34.851578
350,パッケージプラザ ヤマムラ,パッケージプラザ ヤマムラ,小売業,1000,"2,000円以上会計で1,000円引き",1,425-0035,静岡県焼津市東小川7-17-13,054-627-4020,営業時間：月曜日〜土曜日（9時開店 〜 18時30分閉店）　定休日：日曜日　※祝祭日：10時開店 〜 17時分閉店,https://shimojima.jp/shop/store/storedetail.aspx?store=715619,,138.3126203,34.8602564
351,ジョイフルパル,ジョイフルパル,小売業,1000,"2,000円以上会計で1,000円引き",1,425-0036,静岡県焼津市西小川1-2-1,054-629-5188,営業時間：９：３０〜１９：３０　一部クーポン使用不可のものがございます。（商品券、工事代金、作業工賃等）お客様都合による返品・交換はできません。（但し、初期不良等の場合は対応させていただきます）,https://www.joyfulpal.com/,https://www.instagram.com/joyfulpalyaizu/,138.3239,34.8703
352,大漁　やまちゃん,タイリョウ　ヤマチャン,飲食業,1000,"2,000円以上会計で1,000円引き",1,425-0021,焼津市中港2-7-2,054-629-1919,昼11時〜14時(ラストオーダー13時半)、夜17時〜21時(ラストオーダー20時半)、日曜日、祭日は夜1時間早く閉めます。,,https://www.instagram.com/tai_ryamachiyan/,138.3229717,34.868232
353,TUNALABO,ツナラボ,小売業,1000,"2,000円以上会計で1,000円引き",1,425-0022,静岡県焼津市本町1-10-4,054-625-8408,対象商品は「おつな」のみです。他社製品、ギフトボックス、袋などは対象外です。,https://otuna.tokyo/tunalabo,https://www.instagram.com/tunalabo/,138.3211338,34.863768
354,100% Jamaica Blue Mountain Coffee & Chocolate LENY,レニー,小売業,1000,"2,000円以上会計で1,000円引き",1,425-0022,焼津市本町4-710-19,054-625-8770,平日：9:00-18:00　定休日：水曜日　土日・祝：7:00-18:00,https://leny.coffee/,https://www.instagram.com/leny.yaizu/,138.288686,34.852425
355,すしせい,スシセイ,飲食業,1000,"2,000円以上会計で1,000円引き",1,425-0073,静岡県焼津市小柳津536番地の1,054-374-1980,,http://www.susisei.com,https://www.instagram.com/sushisei0543741980/,138.288686,34.852425
356,酒肴本丸駅前栄町店,サケサカナホンマルエキマエサカエチョウテン,飲食業,1000,"2,000円以上会計で1,000円引き",1,425-0027,焼津市栄町1丁目3-6,0549-08-9936,,,,138.3037099,34.8452016
357,アンティーク&カフェバー　古町,アンティークアンドカフェバー　コマチ,飲食業,1000,"2,000円以上会計で1,000円引き",1,425-0055,焼津市道原1182-2,054-624-5986,,,,138.266983,34.811835
358,アロエ食品株式会社,アロエショクヒンカブシキガイシャ,その他,1000,"2,000円以上会計で1,000円引き",1,421-0218,静岡県焼津市下江留2208,054-622-5566,● 弊社休業日： 第2.第4土曜日、日曜日、祝日　　  令和7年7月26日(土)、27日(日)、8月3日(日)は定休日です。● 平日の営業時間： 8：30　〜　17：00,https.www.aloe-foods.co.jp,https://www.instagram.com/aloe_foods/,138.3267391,34.8568392
359,やいづとくさんプラザ,ヤイヅトクサンプラザ,小売業,500,"1,000円以上会計で500円引き",1,425-0032,焼津市鰯ケ島136-26,054-626-1561,,https://www.yaizu-uonaka.or.jp/plaza/,,138.3030198,34.880822
360,まぐろ食堂にぎり部,マグロショクドウニギリブ,飲食業,1000,"2,000円以上会計で1,000円引き",1,425-0091,静岡県焼津市八楠4-13-7,,,https://uoni.co.jp,,138.3030198,34.880822
361,魚二水産株式会社,ウオニスイサン,小売業,1000,"2,000円以上会計で1,000円引き",1,425-0091,静岡県焼津市八楠4-13-7,054-627-0222,9:00-17:00　隔週水曜日休日,https://uoni.co.jp,https://www.instagram.com/yaizu_maguronouoni/,138.2914158,34.8644069
362,シジカフェ,シジカフェ,飲食業,500,"1,000円以上会計で500円引き",1,425-0077,静岡県焼津市五ケ堀之内24-27,050-5469-6193,営業日：土曜日、日曜日　休日：月曜日〜金曜日　営業時間：土曜日　11:30〜20:30、日曜日　8:30〜14:30　営業日、営業時間は変わることがあります。詳しくはInstagramにてご確認下さい。,,https://www.instagram.com/shizi_cafe/,138.3074952,34.8821997
363,麺屋日出次,メンヤヒデツグ,飲食業,500,"1,000円以上会計で500円引き",1,425-0091,焼津市八楠2-22-8,080-1567-0477,,,,138.3037287,34.881146
364,まぐろ食堂,マグロショクドウ,飲食業,1000,"2,000円以上会計で1,000円引き",1,425-0091,静岡県焼津市八楠4-13-7さかなセンターサービス棟B-1,054-627-0228,,https://uoni.co.jp,https://www.instagram.com/maguro_shokudou/,138.3381271,34.8965558
366,手づくりの和洋菓子　桃林堂,テヅクリノワヨウガシ　トウリンドウ,小売業,1000,"2,000円以上会計で1,000円引き",1,421-0205,静岡県焼津市宗高1280,054-622-0027,,https://r.goope.jp/tohrindoh/,,138.291991,34.85841
367,マツデンとよだてん,マツデントヨダテン,小売業,1000,"2,000円以上会計で1,000円引き",1,425-0074,焼津市柳新屋821-1,054-629-6262,営業時間　AM9：00からAM6：30,,,138.291991,34.85841
368,魚家,トトヤ,飲食業,1000,"2,000円以上会計で1,000円引き",1,425-0055,静岡県焼津市道原３アイスペースB,054-623-7505,,https//yaizu-totoya.com/,,138.319929,34.863126
369,岡村家具店,オカムラカグテン,小売業,1000,"2,000円以上会計で1,000円引き",1,425-0022,静岡県焼津市本町５−１−８,054-628-2221,営業時間：１０：００〜１９：００　水曜日定休,https://www.ok-kagu.com/,https://www.instagram.com/okamurakagu/,138.3075154,34.8380773
371,キーマン静岡,キーマンシズオカ,小売業,500,"1,000円以上会計で500円引き",1,425-0047,焼津市東祢宜島20-1,054-668-9506,,https://www.keyman-s.com/,,138.319067,34.8671065
372,石原商店,イシハラショウテン,飲食業,500,"1,000円以上会計で500円引き",1,425-0027,焼津市栄町5-5-11,054-628-4629,営業開始：10:00　営業終了時間：夕方(売切次第)　※デジタルクーポン祭開催期間中、予約をお勧めします。,,https://www.instagram.com/ishiharatoriniku/,138.2896943,34.8491924
373,レプラス,レプラス,その他,1000,"2,000円以上会計で1,000円引き",1,425-0072,静岡県焼津市大住595-3 カサフェリス,054-639-6190,全日,,,138.308622,34.859866
374,おおとも接骨院,オオトモセッコツイン,その他,500,"1,000円以上会計で500円引き",1,425-0036,静岡県焼津市焼津市西小川2-7-8コーポラスやまだ1階東号室,054-620-1828,自費施術　鍼治療のみ利用可,https://www.otomo-sekkotsuin.net/sp/,https://www.instagram.com/otomomedical/,138.3016441,34.8686246
375,おおとも接骨院小土院,オオトモセッコツインコヒジイン,その他,500,"1,000円以上会計で500円引き",1,425-0086,静岡県焼津市焼津市小土556-1,054-625-9861,自費施術　鍼治療のみ利用可,https://www.otomo-sekkotsuin.net/sp/,https://www.instagram.com/otomomedical/,138.291703,34.799957
376,魚池のお魚屋ベンちゃん,ウオイケノオサカナヤベンチャン,小売業,1000,"2,000円以上会計で1,000円引き",1,421-0211,静岡県焼津市吉永823-1,054-622-4306,,,,138.3102388,34.8586161
377,ほろよい屋,ホロヨイヤ,飲食業,1000,"2,000円以上会計で1,000円引き",1,425-0036,静岡県焼津市西小川3-2-13,054-625-9080,定休日毎週木曜日　ランチはやってません。pm4時から営業してます。　第3水曜日,,,138.3102388,34.8586161
378,甲羅組　2号店,コウラグミ　ニゴウテン,小売業,1000,"2,000円以上会計で1,000円引き",1,425-0091,静岡県焼津市八楠4-13-7,054-631-5533,,https://denshoku-corp.jp/business/realstore/,https://www.instagram.com/kouragumi_yaizu/,138.3029372,34.8803175
379,さらふぁん,サラファン,小売業,1000,"2,000円以上会計で1,000円引き",1,425-0075,焼津市西焼津8-5,054-620-3131,営業時間：月、土　14時〜16時　火、木、金　10時半〜16時,http://www.sarafan2014.com/,https://www.instagram.com/sarafan_2014/,138.2858039,34.8593023
380,台所屋　二軒目,ダイドコロヤ　ニケンメ,飲食業,1000,"2,000円以上会計で1,000円引き",1,425-0075,焼津市西焼津25-1 二階,054-621-3395,,,,138.3033597,34.8799085
381,SAKURAファーム,サクラファーム,小売業,500,"1,000円以上会計で500円引き",1,425-0091,焼津市八楠4-13-7,054-621-5502,,sakura502.jp,https://www.instagram.com/yaizu.sakura_farm171007/,138.3192055,34.8710398
382,丸子,マルコ,飲食業,1000,"2,000円以上会計で1,000円引き",1,425-0027,静岡県焼津市栄町1-3-3,054-620-6011,,,,138.3090004,34.8611315
383,美容室kokochi,ビヨウシツココチ,その他,1000,"2,000円以上会計で1,000円引き",1,425-0036,焼津市西小川1丁目11-6,054-357-5630,,,,138.3090004,34.8611315
384,はや,ハヤ,飲食業,1000,"2,000円以上会計で1,000円引き",1,425-0026,焼津市焼津3-1-25,054-628-3288,,,,138.314432,34.867662
385,ピーターパン小麦市場,ピーターパンコムギイチバ,小売業,500,"1,000円以上会計で500円引き",1,425-0026,静岡県焼津市焼津１丁目10-26,054-620-8200,営業時間　7：30〜18：00,http://www.peaterpan.jp/,https://www.instagram.com/peaterpan.winwin/,138.2976145,34.8754503
386,スギ薬局大覚寺店,スギヤッキョクダイカクジテン,小売業,500,"1,000円以上会計で500円引き",1,425-0088,静岡県焼津市大覚寺二丁目２５番地の７,054-621-0035,,https://www.sugi-net.jp/,https://www.instagram.com/drug_sugi/,138.3155097,34.8541908
387,スギドラッグ焼津東小川店,スギドラッグヤイヅヒガシコガワテン,小売業,500,"1,000円以上会計で500円引き",1,425-0035,静岡県焼津市東小川３丁目２０番地の５,054-620-7111,,https://www.sugi-net.jp/,https://www.instagram.com/drug_sugi/,138.3179428,34.8810744
388,インド料理ガンジー,インドリョウリガンジー,飲食業,500,"1,000円以上会計で500円引き",1,425-0014,静岡県焼津市中里314-2,054-626-0332,営業時間　11-15　17-22　他のクーポンと併用不可,https://ohsama-curry.com/,,138.321422,34.8665217
390,青宇宙,アオソラ,飲食業,1000,"2,000円以上会計で1,000円引き",1,425-0034,静岡県焼津市与惣次1-13-16,054-689-3316,,,,138.290822,34.84764
391,セイブストア伊万里,セイブストアイマリ,小売業,1000,"2,000円以上会計で1,000円引き",1,425-0072,焼津市大住679番地,054-629-5417,営業時間  9:00-18:30,,,138.290822,34.84764
392,炉ばた家かっぱ,ロバタヤカッパ,飲食業,1000,"2,000円以上会計で1,000円引き",1,425-0043,焼津市石津中町22-13,054-6240078,,,,138.3236412,34.868448
393,ネイルサロンマホネイル,ネイルサロンマホネイル,その他,1000,"2,000円以上会計で1,000円引き",1,425-0022,静岡県焼津市本町1-9-10,,ご予約受付日：火・水・金・日曜日　ご予約受付時間：〜10:00〜13:00〜14:00〜17:00〜18:00〜21:00　焼津駅より徒歩15分　駐車場あり　ご予約空き状況はインスタグラムで更新中。新規のお客様のご予約はインスタグラムのDMからお待ちしております♪,,https://www.instagram.com/mahonail2023/,138.279588,34.793613
394,港湾オートタイヤサービス,コウワンオートタイヤサービス,その他,1000,"2,000円以上会計で1,000円引き",1,421-0214,静岡県焼津市中島817-1,054-622-1677,クーポンは法定費用及び税金は使用不可,http://www.Korean-tire.com,,138.2974338,34.8548857
395,kamika,カミカ,その他,1000,"2,000円以上会計で1,000円引き",1,425-0071,焼津市三ケ名360-9,054-626-5212,,https://kamika-salon.com/,,138.2793052,34.7973218
396,カネジュウ食品株式会社,カネジュウショクヒン,その他,500,"1,000円以上会計で500円引き",1,421-0211,静岡県焼津市吉永７−１,054-622-5515,,https://kanejyu.com/,https://www.instagram.com/kanejyu_miso/,138.323059,34.868948
397,北斗理容室　HOKUTO,ホクトリヨウシツ　ホクト,その他,1000,"2,000円以上会計で1,000円引き",1,425-0022,静岡県焼津市本町1-4-14,054-628-3043,8:30~17:00,,,138.286075,34.839547
398,松葉畳店,マツバタタミテン,その他,1000,"2,000円以上会計で1,000円引き",1,425-0068,静岡県焼津市中新田1005-5,054-624-9669,定休日（日・月・祝日）営業時間　9:30 - 17:00,http://www.matsubatatamiten.jp,https://www.instagram.com/matsubatatamiten/,138.284175,34.820903
399,hair salon felice,ヘアサロン　フェリーチェ,その他,1000,"2,000円以上会計で1,000円引き",1,425-0066,静岡県焼津市大島640-1,070-8339-3678,,https://felice1207.amebaownd.com/,https://www.instagram.com/hair_salon__felice/,138.3243152,34.8612068
401,新村指圧治療院,シンムラシアツチリョウイン,その他,1000,"2,000円以上会計で1,000円引き",1,425-0055,静岡県焼津市道原1270-1,054-623-5808,営業時間:9:00〜19:00　定休日:火曜日,,,138.2964444,34.8294893
402,静岡福祉大学売店「りとるりりぃなるせ」,リトルリリィナルセ,小売業,500,"1,000円以上会計で500円引き",1,425-0063,焼津市本中根549-1,054-623-1414,土日休み,,https://www.instagram.com/little_lily_naruse/,138.3170394,34.8696452
403,ミート田中,ミートタナカ,飲食業,1000,"2,000円以上会計で1,000円引き",1,425-0027,静岡県焼津市栄町6-7-23 フォレスト一階,050-8884-9208,,https://www.meat-tanaka.com,https://www.instagram.com/meat.tanaka0928/,138.3041523,34.7915633
404,あとりえMOMO,アトリエモモ,飲食業,1000,"2,000円以上会計で1,000円引き",1,421-0211,静岡県焼津市吉永1937-1,054-622-2262,10時から18時30分　お休みは1月1日のみ,,,138.279943,34.816654
405,さふらん手芸店,サフランシュゲイテン,小売業,500,"1,000円以上会計で500円引き",1,421-0201,静岡県焼津市上小杉350番地,054-622-6868,10:00〜18:00  定休日：毎週日曜日と水曜日,,,138.3081987,34.8520494
406,東海道写楽焼津小川店,トウカイドウシャラクヤイヅコガワテン,小売業,1000,"2,000円以上会計で1,000円引き",1,425-0036,静岡県焼津市西小川7丁目1-4,054-626-3434,平日：10：00〜よる 6：30　土日祝：10：00〜よる 7：00　毎週木曜定休※祝日などは営業になります,https://www.t-sharaku.jp/index.html,https://www.instagram.com/toukaido_sharaku/,138.3081987,34.8520494
407,SUMARU SAUNA,スマルサウナ,その他,500,"1,000円以上会計で500円引き",1,425-0021,焼津市中港3丁目1-16,054-330-8283,,https://sumaru-sauna.jp/,https://www.instagram.com/sumaru_sauna/,138.300056,34.84687
408,和食さと　焼津店,ワショクサト　ヤイズテン,飲食業,1000,"2,000円以上会計で1,000円引き",1,425-0046,焼津市三右衛門新373-1,054-656-0701,,,,138.2857886,34.8592831
410,跳丸,トビマル,小売業,500,"1,000円以上会計で500円引き",1,425-0076,静岡県焼津市小屋敷599-4,090-3309-7941,休業日11/24(日)11/25(月)※臨時休業あり。他は12:00~20:00営業　生体見学・ご購入希望の方はあらかじめインスタグラムDM、ホームページのお問い合わせフォームまたは電話にてお問い合わせ下さい。(完全予約制)　小動物用フードのみお求めの方はご予約不要,https://tobimaru0219.crayonsite.net/,https://www.instagram.com/tobimaru_shizuoka0219/,138.3204097,34.8690261
411,肉の石割,ニクノイシワリ,小売業,500,"1,000円以上会計で500円引き",1,425-0027,焼津市栄町4-3-6,054-629-0298,,,,138.3204097,34.8690261
412,日宏,ニッコー,小売業,500,"1,000円以上会計で500円引き",1,425-0091,静岡県焼津市八楠4-13-7,054-627-7906,営業時間  9:00~17:00,,,138.319524,34.8226952
413,発酵のおやつとごはん　こよみ,ハッコウノオヤツトゴハン　コヨミ,小売業,500,"1,000円以上会計で500円引き",1,425-0052,焼津市田尻1792 クラフトBASE,070-3855-8550,営業日・営業時間はインスタグラムでご確認ください,,https://www.instagram.com/hakko_koyomi/,138.309237,34.8539719
414,鐘庵東小川店,ショウアンヒガシコガワテン,飲食業,500,"1,000円以上会計で500円引き",1,425-0035,焼津市東小川6-5-13,054-620-5226,,,,138.3227652,34.8674574
417,Muguet~first salon~,ミュゲ　ファーストサロン,その他,1000,"2,000円以上会計で1,000円引き",1,425-0086,静岡県焼津市小土939-5 パレドール小土A 101号室,054-397-7455,,https://beauty.hotpepper.jp/kr/slnH000715543/,https://www.instagram.com/muguet_first.salon_/,138.309008,34.85323
418,NEST焼津,ネストヤイヅ,小売業,1000,"2,000円以上会計で1,000円引き",1,425-0035,焼津市東小川6−6−4,054-626-7100,営業時間　11：00〜19：00　定休日　水曜日（一部変更あり）,http://www.mihoharaya.co.jp,,138.2839877,34.823023
419,セブンイレブン焼津大島店,セブンイレブンヤイヅオオシマテン,小売業,1000,"2,000円以上会計で1,000円引き",1,425-0066,焼津市大島597,054-624-7792,,,,138.3181983,34.831239
420,蕎麦屋　わびすけ,ソバヤ　ワビスケ,飲食業,500,"1,000円以上会計で500円引き",1,425-0052,静岡県焼津市田尻235-1,054-623-0858,,http://www.soba-wabisuke.com/,,138.2630136,34.8037749
421,キキとコキリ,キキトコキリ,その他,500,"1,000円以上会計で500円引き",1,421-0216,焼津市相川939番地,,営業日　土.日.月曜　営業時間　10時〜17時,,https://www.instagram.com/kiki_kokiri/,138.3017273,34.8747751
422,筋膜整体Monteciero,キンマクセイタイモンテシエロ,その他,1000,"2,000円以上会計で1,000円引き",1,425-0088,焼津市大覚寺3-14-25,090-6764-7236,営業時間：9:00〜18:00　定休日：日、月、祝,https://monteciero.com/,https://www.instagram.com/monteciero/,138.324347,34.865454
423,ポルト,ポルト,小売業,500,"1,000円以上会計で500円引き",1,425-0026,焼津市焼津859-21,054-628-3899,定休日：日曜日　営業時間：10:00〜19:00,http://porto-kaneden.com,,138.3087144,34.8537405
424,和食麺処サガミ　焼津西小川店,ワショクメンドコロサガミ　ヤイヅニシコガワテン,飲食業,1000,"2,000円以上会計で1,000円引き",1,425-0036,静岡県焼津市西小川４丁目２−１,054-626-1080,営業時間：11：00〜22：00（ラストオーダー21：30）　利用条件：クーポンの条件と同じ,https://www.sagami.co.jp/,,138.2737214,34.8105464
425,TSUTAYAグランリバー大井川店,ツタヤグランリバーオオイガワテン,小売業,500,"1,000円以上会計で500円引き",1,421-0218,静岡県焼津市下江留1433−1,054-664-0880,,https://store-tsutaya.tsite.jp/store/detail?storeId=4129,,138.2737214,34.8105464
426,リストランテ　ダルピーノ,リストランテ　ダルピーノ,飲食業,1000,"2,000円以上会計で1,000円引き",1,425-0027,焼津市栄町2丁目4-4,054-631-7873,,https://dalpino-jp.com,,138.2988233,34.8797286
427,ミルフィオーリ,ミルフィオーリ,飲食業,1000,"2,000円以上会計で1,000円引き",1,425-0091,静岡県焼津市八楠4-38-18,054-626-5253,,http://ristorante-millefiori.com/,https://www.instagram.com/r_millefiori/,138.3062688,34.8535501
428,Ｘｉｂｉ,シビ,飲食業,1000,"2,000円以上会計で1,000円引き",1,425-0036,静岡県焼津市西小川4-15-5 2F,054-397-8176,"ランチ営業が始まりました
",https://maps.app.goo.gl/MU9i3dzknJ5FX4H27?g_st=com.google.maps.preview.copy,https://www.instagram.com/xibi1022/,138.319881,34.862954
429,かまだ青果店,カマダセイカテン,小売業,500,"1,000円以上会計で500円引き",1,425-0022,焼津市本町5丁目1-12,054-628-3562,,,,138.290153,34.847787
430,ジョイプラザ焼津店,ジョイプラザヤイヅテン,小売業,1000,"2,000円以上会計で1,000円引き",1,425-0072,焼津市大住683-7,054-639-5830,営業時間　10:00〜19:00,https://www.joyplaza.net,,138.305978,34.883627
431,ジョイプラザ焼津インター店,ジョイプラザヤイヅインターテン,小売業,1000,"2,000円以上会計で1,000円引き",1,425-0091,焼津市八楠1-11-9,054-621-5055,営業時間：10:00〜19:00　定休日：水曜日,https://www.joyplaza.net,,138.3031452,34.8800706
432,北海道のおさかな屋さん,ホッカイドウノオサカナヤサン,小売業,500,"1,000円以上会計で500円引き",1,425-0091,静岡県焼津市八楠4丁目13-7　焼津さかなセンター内,,,,https://www.instagram.com/yaizu_hokkaido_shop/,138.3095524,34.8609905
433,健美堂接骨院,ケンビドウセッコツイン,その他,500,"1,000円以上会計で500円引き",1,425-0036,静岡県焼津市西小川1-11-3　Ｆレイヤー１F,054-621-3039,,http://www.kenbiseitai.com/index.html,,138.311002,34.852739
436,やまや山もと商店,ヤマヤヤマモトショウテン,小売業,1000,"2,000円以上会計で1,000円引き",1,425-0091,静岡県焼津市八楠4ｰ13ｰ7焼津さかなセンター内,054-628-8822,,,,138.303567,34.880302
437,てっか丼山もと,テッカドンヤマモト,飲食業,1000,"2,000円以上会計で1,000円引き",1,425-0091,静岡県焼津市八楠4ｰ13ｰ7,054-628-8822,,,,138.303567,34.880302
438,cafe Baumkronen,カフェ バウムクローネン,飲食業,1000,"2,000円以上会計で1,000円引き",1,425-0065,静岡県焼津市惣右衛門732-2,054-659-4679,営業時間 平日11：00〜15：00(L.O14:30)/17:00〜22:00(L.O21:00)、土日祝8:00〜22:00(L.O21:00)　クーポンは11:00以降のみ利用可,https://cafebaumkronen.wixsite.com/cafe-baumkronen,https://www.instagram.com/cafe.baumkronen/,138.3140868,34.817725
439,Patisserie AO,パティスリーアオ,飲食業,1000,"2,000円以上会計で1,000円引き",1,425-0036,静岡県焼津市西小川2-11-17シャルマン�UB,054-629-7820,,https://www.patisserieao.com,,138.3076373,34.8616003
440,美容鍼灸サロンSachi-幸-,ビヨウシンキュウサロンサチ,その他,1000,"2,000円以上会計で1,000円引き",1,425-0028,静岡県焼津市駅北4丁目1-18 Alivio102,070-9078-0386,営業日：月・火・水・木・金・土・祝　定休日：日曜日　営業時間：10:00〜20:30【クーポンは施術のみ利用可】※商品の購入には利用不可,https://www.salonsachi.com,,138.3176844,34.8742059
441,インド料理ガンガジ,インドリョウリガンガジ,飲食業,1000,"2,000円以上会計で1,000円引き",1,425-0074,静岡県焼津市柳新屋８９１−１,054-908-8704,,https://www.indiancurrygangaji.net/72385/,,138.288747,34.8588011
442,PEAK,ピーク,小売業,1000,"2,000円以上会計で1,000円引き",1,425-0041,静岡県焼津市石津2丁目21-21,054-637-9525,【営業時間】平日：12:30〜19:00　土日：11:00〜18:00　定休日：火曜日、祝日    ,http://peak2.info,,138.313548,34.8411664
443,パティスリーノアン,パティスリーノアン,飲食業,1000,"2,000円以上会計で1,000円引き",1,421-0211,静岡県焼津市吉永1423-3,054-659-7737,,,https://www.instagram.com/paris_noan/,138.3009855,34.7899284
444,リトルエンゼル　小川店,リトルエンゼル　コガワテン,小売業,1000,"2,000円以上会計で1,000円引き",1,425-0036,静岡県焼津市西小川4-2-3,054-627-3050,営業時間：10時〜19時　定休日：水曜日,http://www.yaizu-uogashi.jp,,138.308519,34.853366
445,リトルエンゼル　昭和通り店,リトルエンゼル　ショウワトオリテン,小売業,1000,"2,000円以上会計で1,000円引き",1,425-0022,静岡県焼津市本町4-10-17,054-627-4977,営業時間：10時〜16時30分　定休日：火・水曜日,https://www.yaizu-uogashi.jp/,,138.3216166,34.8634258
446,クリーニングあすなろ,クリーニングアスナロ,その他,1000,"2,000円以上会計で1,000円引き",1,425-0028,静岡県焼津市駅北3-6-15,054-628-7618,AM7:30〜PM7:00　定休日   日曜日・祝日,,,138.31566,34.876161
447,めぐちゃんち,メグチャンチ,飲食業,500,"1,000円以上会計で500円引き",1,425-0026,静岡県焼津市焼津４丁目11-2,080-3065-2705,,,https://www.instagram.com/meguchanchi_9.6/,138.3135404,34.8619294
448,SB石津接骨院,エスビーイシズセッコツイン,その他,1000,"2,000円以上会計で1,000円引き",1,425-0047,静岡県焼津市東祢宜島7-31,054-639-5911,クーポンは自費施術のみご利用いただけます。,https://sb-ishizu.com,,138.3110045,34.8386041
449,西小川 松永鍼灸院,ニシコガワ マツナガシンキュウイン,その他,1000,"2,000円以上会計で1,000円引き",1,425-0036,静岡県焼津市西小川3-9-1,054-628-9090,,,,138.307367,34.855902
450,株式会社カネセイ水産焼津さかなセンター店,カネセイスイサンヤイヅサカナセンターテン,小売業,500,"1,000円以上会計で500円引き",1,425-0091,静岡県焼津市八楠4-13-7,054-627-8907,,http://www.kanesei-center.com,https://www.instagram.com/kaneseisakana/,138.303584,34.88041
451,ペンギン村,ペンギンムラ,飲食業,500,"1,000円以上会計で500円引き",1,425-0052,静岡県焼津市田尻1366,054-624-3799,クーポンは飲食全てで使えます。,,,138.334958,34.831976
452,のっけ家焼津さかなセンター店,ノッケヤヤイヅサカナセンターテン,飲食業,1000,"2,000円以上会計で1,000円引き",1,425-0091,静岡県焼津市八楠4-13-7,054-627-3355,,https://nokkeya.com/index.html,https://www.instagram.com/nokkeya/,138.304464,34.880904
453,ダイニングカラオケバー　A bientot,ダイニングカラオケバー　ア・ビアント,飲食業,1000,"2,000円以上会計で1,000円引き",1,425-0036,静岡県焼津市西小川1丁目3-10パーク西小川101,054-628-3050,,,,138.3111444,34.8600161
454,やいま整骨院,ヤイマセイコツイン,その他,500,"1,000円以上会計で500円引き",1,425-0026,静岡県焼津市焼津1-6-9FKビル102,054-629-3005,"〜 営業時間（予約対象時間も含む）～平日（月・火・木・金）：8:30〜12:00 / 16:00〜20:00、水曜・土曜：8:30〜12:00（午後休診）、日曜・祝日：休診、予約施術時間（完全予約制）：13:30〜16:00（水曜は16:00〜20:00も受付）〜 デジタルクーポン利用条件～自由診療・予約診療のみ対象、ご利用金額：1,000円以上　＊以下はクーポン対象外：〜 保険診療のみ〜 お灸のみ",https://yaima2010.com/,https://www.instagram.com/yaima.seikotu/,138.3154453,34.8666645
455,不二家ドンキホーテ大覚寺店,フジヤドンキホーテダイカクジテン,小売業,1000,"2,000円以上会計で1,000円引き",1,425-0088,静岡県焼津市大覚寺2-27-1,054-621-0015,"営業時間
10:00〜19:00年中無休",,https://www.instagram.com/fujiya_megadonki/,138.298773,34.875819
456,asitubo cafe hana,アシツボカフェ　ハナ,その他,1000,"2,000円以上会計で1,000円引き",1,425-0091,静岡県焼津市八楠4-22-15,090-8958-0168,足ツボ、ボディケア、オイルマッサージ、フェイシャル　基本料金30分2000円より利用可,,https://www.instagram.com/mikikomatsushima/,138.301112,34.8801208
457,Daisy Cocktails,デイジーカクテルズ,飲食業,500,"1,000円以上会計で500円引き",1,425-0027,静岡県焼津市栄町6-3-17,054-626-1030,ランチ営業は木曜日〜日曜日。,https://www.daisy-cocktails.com,https://www.instagram.com/daisy__cocktails/,138.3173707,34.8694757
458,ブルーベリーガーデンやいづ,ブルーベリーガーデンヤイヅ,その他,1000,"2,000円以上会計で1,000円引き",1,425-0054,静岡県焼津市一色30,080-8040-9465,ブルーベリー狩り（@食べ放題 Aパック詰め放題）には事前のご予約が必要です。営業日　水・木　10:30〜16:30　　土・日　9:30〜17:30,https://www.bbyaizu.com/,,138.3085632,34.8244476
459,魚民　焼津南口駅前店,ウオタミ　ヤイヅミナミグチエキマエテン,飲食業,1000,"2,000円以上会計で1,000円引き",1,425-0027,静岡県焼津市栄町2-2-21　アンビ･ア パークビル 1階,054-626-8788,【営業時間】日曜日〜木曜日、祝日：17:00〜24:00　金曜日、土曜日：17:00〜26:00,https://www.monteroza.co.jp/shop.html?shop=802656,,138.3191911,34.8715583
460,鮨　一八,スシ　イッパチ,飲食業,1000,"2,000円以上会計で1,000円引き",1,425-0071,静岡県焼津市三ケ名1690-4,054-628-1745,クーポンは店舗ディナーのみ利用可,,,138.30855,34.864434
461,花ぞの,ハナゾノ,小売業,1000,"2,000円以上会計で1,000円引き",1,425-0026,静岡県焼津市焼津5丁目1-1,054-628-1641,営業時間　火〜土　10:00〜17:30、日曜日　10:00〜14:00(不定休)、月曜日　休日,@022xehzq,,138.3192806,34.8634499
462,日の出SECOND,ヒノデセカンド,飲食業,1000,"2,000円以上会計で1,000円引き",1,425-0035,静岡県焼津市東小川2-17-13マンション小池１階A,070-8562-5979,,,,138.312902,34.8590844
463,株式会社一イ大畑食品大住店,イチニンベンオオハタショクヒンオオズミテン,小売業,500,"1,000円以上会計で500円引き",1,425-0072,静岡県焼津市大住106-2,054-625-8803,営業時間：10:00〜17:00　定休日：日曜・祭日,https://www.ichininben.com,,138.2895443,34.8511366
464,株式会社一イ大畑食品下小田店,イチニンベンオオハタショクヒンシモオダテン,小売業,500,"1,000円以上会計で500円引き",1,425-0059,静岡県焼津市下小田上町26-3,054-625-8803,営業時間：9:00〜17:30　定休日：日曜・祭日,https://www.ichininben.com,,138.31195,34.8376179
465,三福,サンプク,小売業,500,"1,000円以上会計で500円引き",1,425-0072,静岡県焼津市大住130-4,080-3626-7935,,,,138.2909493,34.8503135
466,石津マート,イシヅマート,小売業,500,"1,000円以上会計で500円引き",1,425-0042,静岡県焼津市石津港町31-3,054-624-7757,［営業時間］9:00〜19:00［定休日］日曜日、月曜日、祝日,,https://www.instagram.com/ishizumart/,138.326436,34.842576
467,大坪水産　本社工場,オオツボスイサン　ホンシャコウジョウ,小売業,500,"1,000円以上会計で500円引き",1,421-0212,静岡県焼津市利右衛門391-1,054-664-2442,,http://www.otsubo-suisan.co.jp/,https://www.instagram.com/otsubo.suisan/,138.2873496,34.7920784
468,セブンーイレブン焼津越後島店,セブンーイレブンヤイヅエチゴジマテン,小売業,500,"1,000円以上会計で500円引き",1,425-0092,静岡県焼津市越後島360-1,054-627-9558,,,,138.2963837,34.8852407
469,セブンーイレブン焼津八楠４丁目店,セブンーイレブンヤイヅヤグスヨンチョウメテン,小売業,500,"1,000円以上会計で500円引き",1,425-0091,静岡県焼津市八楠４丁目11-19,054-629-0875,,,,138.3058639,34.8797596
470,セブンーイレブン焼津インター店,セブンーイレブンヤイヅインターテン,小売業,500,"1,000円以上会計で500円引き",1,425-0091,静岡県焼津市八楠４丁目14-3,054-620-1790,,,,138.3027951,34.8812543
472,lulu room,ルル　ルーム,その他,1000,"2,000円以上会計で1,000円引き",1,425-0036,静岡県焼津市西小川2丁目11-16,050-8884-9190,,https://beauty.hotpepper.jp/kr/slnH000737941/?cstt=9,https://www.instagram.com/lulu_room/,138.3075732,34.8616292
473,マーブル洋菓子店,マーブルヨウガシテン,飲食業,500,"1,000円以上会計で500円引き",1,425-0072,静岡県焼津市大住101-2,054-627-2130,営業時間10:30〜18:00,https://fujieda.mypl.net/shop/00000378478/access,https://www.instagram.com/marble.2024.9/,138.288389,34.8510703
474,セブンイレブン焼津坂本店,セブンイレブンヤイヅサカモトテン,小売業,500,"1,000円以上会計で500円引き",1,425-0004,静岡県焼津市坂本３７４番地１号,054-629-6248,24時間営業　タバコ、郵便商品、POSAカード、公共料金等払込等　一部利用不可,,,138.3103954,34.8905905
475,スタジオピクチャーズ,スタジオピクチャーズ,その他,1000,"2,000円以上会計で1,000円引き",1,425-0086,静岡県焼津市小土1140-11,054-621-2558,営業時間9:30〜19:00　定休日：木曜日　DPプリント、証明写真には使用できません。,http://s-pictures6512.juno.bindsite.jp/,https://www.instagram.com/pikuchiyazu/,138.291486,34.862299
476,パン曜日,パンヨウビ,小売業,500,"1,000円以上会計で500円引き",1,425-0062,静岡県焼津市中根新田643の2,,金曜日のみ営業　11時〜18時(または完売にて終了),,https://www.instagram.com/greenpanyoubi/,138.293404,34.8339387
477,アイメガネ焼津石津店,アイメガネヤイヅイシヅテン,小売業,1000,"2,000円以上会計で1,000円引き",1,425-0041,静岡県焼津市石津3丁目19-16,054-656-0001,営業時間10:00〜19:00　年中無休,https://www.aimegane.com/shop/shizuoka/708/,https://www.instagram.com/aimegane_389/,138.3154849,34.8433181
478,lit.,リット,その他,1000,"2,000円以上会計で1,000円引き",1,425-0076,静岡県焼津市小屋敷358,054-625-8820,9時〜21時　物販のみ使用不可,https://beauty.hotpepper.jp/slnH000743859,,138.2853204,34.8619921
479,ボディケアスペース 理楽館,ボディケアスペース リラクカン,その他,1000,"2,000円以上会計で1,000円引き",1,425-0036,静岡県焼津市西小川7丁目1-1 第二大ヤブビル101号,054-620-6770,・営業時間/10:00〜19:00（当日最終受付/17:00）・定休日/毎週火曜日＆金曜日・TEL予約（受付/9:40〜17:00）もインターネット予約（24時間）もできます。・現金払いでもPayPay決済、及びスマート支払いでもOKです。,http://www.relax-kan.com/,https://www.instagram.com/rilax_kan/,138.308322,34.852528
480,金寿し地魚定,キンズシジザカナテイ,飲食業,1000,"2,000円以上会計で1,000円引き",1,425-0021,静岡県焼津市中港2-4-18,054-620-9933,夜営業17時から20時ラストオーダー迄。毎週水曜日木曜日夜営業定休日となります。　”ランチ営業にクーポンは利用できません”　,https://www.jlzakana-tei,https://www.instagram.com/jizakanatei/,138.3238678,34.8721313
481,CheesePige焼津本店,チーズピゲヤイヅホンテン,小売業,1000,"2,000円以上会計で1,000円引き",1,425-0036,静岡県焼津市西小川2-4-9,054-639-5518,,https://cheesepige.jp,https://www.instagram.com/cheese.pige/,138.3103659,34.8595838
482,わかくさ,ワカクサ,小売業,1000,"2,000円以上会計で1,000円引き",1,421-0211,静岡県焼津市吉永1171-1,054-622-0110,,,,138.296042,34.794041
483,PIGE CAFE焼津駅前店,ピゲカフェヤイヅエキマエテン,飲食業,500,"1,000円以上会計で500円引き",1,425-0027,静岡県焼津市栄町4-1-6,054-625-9931,,https://cheesepige.jp/cookiepige/,https://www.instagram.com/pige_cafe/,138.3196831,34.8702324
484,betobento ベトナムバインミー専門店,ベトベントベトナムバインミーセンモンテン,飲食業,500,"1,000円以上会計で500円引き",1,425-0071,静岡県焼津市三ケ名826-1,080-7428-2916,,https://betobento.biz-option.com/,https://www.instagram.com/Betobento8261/,138.3008299,34.859205
485,セブン-イレブン焼津三ヶ名南店,セブン-イレブンヤイヅサンガミョウミナミテン,小売業,500,"1,000円以上会計で500円引き",1,425-0071,静岡県焼津市三ケ名字金剛作289-1,054-620-6026,,,,138.300212,34.8538458
486,みどりのお店ポメゾン,ミドリノオミセポメゾン,小売業,1000,"2,000円以上会計で1,000円引き",1,421-0216,静岡県焼津市相川638-2,054-622-7787,【営業時間】園芸　9:00〜18:00　カフェ　10:00〜18:00（ラストオーダー17:00）　園芸、カフェ両方で利用可能,https://pomaison.com/,https://www.instagram.com/pomaison/,138.264967,34.806855
487,パエザーノ,パエザーノ,飲食業,1000,"2,000円以上会計で1,000円引き",1,421-0205,静岡県焼津市宗高1510-3,054-662-2260,,,https://www.instagram.com/parsano1999/,138.2766216,34.8141421
488,ハピネス,ハピネス,その他,1000,"2,000円以上会計で1,000円引き",1,425-0072,静岡県焼津市大住130-4,090-8671-6941,,,,138.2909493,34.8503135
489,マックスバリュグランリバー大井川店,マックスバリュグランリバーオオイガワテン,小売業,1000,"2,000円以上会計で1,000円引き",1,421-0218,静岡県焼津市下江留1424-1,054-664-0889,マックスバリュグランリバー大井川店でのみ利用可能です。店内クリーニング店「シルキー」ではご利用いただけません。店頭催事業者さま、「焼鳥」、「餃子」ではご利用いただけません。,https://www.mv-tokai.co.jp/store/14497/,,138.2746272,34.8099732
490,とこやさん,トコヤサン,その他,500,"1,000円以上会計で500円引き",1,425-0064,静岡県焼津市三和1166-2,054-623-3065,営業時間：9:00〜18:30、9:00〜12:00(木曜日)　定休日：月曜日、木曜日の午後,,,138.2979348,34.8276773
491,セブン-イレブン焼津市石津西店,セブン-イレブンヤイヅイシヅニシテン,小売業,500,"1,000円以上会計で500円引き",1,425-0034,静岡県焼津市与惣次2丁目16-1,054-624-1633,,,,138.3112417,34.8452237
492,ドラッグストアコスモス焼津本町店,ドラッグストアコスモスヤイヅホンマチテン,小売業,500,"1,000円以上会計で500円引き",1,425-0022,静岡県焼津市本町5-5-5,054-621-3110,,https://www.cosmospc.co.jp/,,138.3207552,34.8619852
493,ドラッグストアコスモス石津店,ドラッグストアコスモスイシヅテン,小売業,500,"1,000円以上会計で500円引き",1,425-0041,静岡県焼津市石津1-20-3,054-631-7666,,https://www.cosmospc.co.jp/,,138.3106676,34.8409388
494,杏林堂薬局　焼津与惣次店,キョウリンドウヤッキョク　ヤイヅヨソウジテン,小売業,1000,"2,000円以上会計で1,000円引き",1,425-0034,静岡県焼津市与惣次1-3-5,054-656-1711,営業時間　9:00 - 22:00,https://www.kyorindo.co.jp/,,138.3119776,34.8461842
495,杏林堂薬局　焼津大住店,キョウリンドウヤッキョク　ヤイヅオオズミテン,小売業,1000,"2,000円以上会計で1,000円引き",1,425-0072,静岡県焼津市大住673,054-621-5711,営業時間　9:00 - 21:45,https://www.kyorindo.co.jp/,,138.2913752,34.8474242
496,杏林堂薬局　西焼津駅北店,キョウリンドウヤッキョク　ニシヤイヅエキキタテン,小売業,1000,"2,000円以上会計で1,000円引き",1,425-0076,静岡県焼津市小屋敷385,054-621-1411,営業時間　9:00 - 21:45,https://www.kyorindo.co.jp/,,138.2848513,34.86095
497,ピオン焼津店,ピオンヤイヅテン,小売業,1000,"2,000円以上会計で1,000円引き",1,425-0041,静岡県焼津市石津1丁目9番7,054-631-6215,営業時間10：00〜19：00,https://pionlife.com/,https://www.instagram.com/life_design_pion/,138.3110774,34.8426554
498,ウエルシア焼津南店,ウエルシアヤイヅミナミテン,小売業,1000,"2,000円以上会計で1,000円引き",1,425-0034,静岡県焼津市与惣次1-26-5,054-623-8534,処方箋の自己負担金の支払いには使用できません。,https://store.welcia.co.jp/welcia/spot/detail?code=7022D&category=01.02.06.12.18.20,,138.3083974,34.8446073
499,セブンイレブン焼津1丁目店,セブンイレブンヤイヅイッチョウメテン,小売業,500,"1,000円以上会計で500円引き",1,425-0026,静岡県焼津市焼津1丁目4-18,054-628-6757,クーポンは9:00-21:00のみ利用可,,,138.316375,34.8667265
500,セブンイレブン焼津本町3丁目店,セブンイレブンヤイヅホンマチサンチョウメテン,小売業,500,"1,000円以上会計で500円引き",1,425-0022,静岡県焼津市本町三丁目2-1,054-628-0107,,,,138.3202301,34.8654828
501,ウエルシア焼津田尻北店,ウエルシアヤイヅタジリキタテン,小売業,1000,"2,000円以上会計で1,000円引き",1,425-0051,静岡県焼津市田尻北261,054-656-1188,処方箋の自己負担金の支払いには利用できません。,https://store.welcia.co.jp/welcia/spot/detail?code=7093D&lang=ja&category=01.02.06.12.18.20,,138.3254602,34.8328459
502,ウエルシア焼津八楠店,ウエルシアヤイヅヤグステン,小売業,1000,"2,000円以上会計で1,000円引き",1,425-0091,静岡県焼津市八楠2-29-6,054-620-9388,処方箋の自己負担金の支払いには使用できません。,https://store.welcia.co.jp/welcia/spot/detail?code=7120D&lang=ja&category=01.02.06.12.18.20,,138.3079865,34.880475
503,ウエルシア焼津駅店,ウエルシアヤイヅエキテン,小売業,1000,"2,000円以上会計で1,000円引き",1,425-0027,静岡県焼津市栄町1-1-1,054-620-0868,処方箋の自己負担金の支払いには使用できません。,https://store.welcia.co.jp/welcia/spot/detail?code=7135D&lang=ja&category=01.02.06.12.18.20,,138.3183899,34.8719482
504,ウエルシア焼津小柳津店,ウエルシアヤイヅオヤイヅテン,小売業,1000,"2,000円以上会計で1,000円引き",1,425-0073,静岡県焼津市小柳津218-1,054-629-8814,処方箋の自己負担金の支払いには使用できません。,https://store.welcia.co.jp/welcia/spot/detail?code=7145D,,138.2829336,34.8535074
505,ウエルシア焼津三ヶ名店,ウエルシアヤイヅサンガミョウテン,小売業,1000,"2,000円以上会計で1,000円引き",1,425-0071,静岡県焼津市三ケ名794,054-620-7038,処方箋の自己負担金の支払いには使用できません。,https://store.welcia.co.jp/welcia/spot/detail?code=7209D&lang=ja&category=01.02.06.12.18.20,,138.299465,34.8596753
506, ウエルシア焼津塩津店,ウエルシアヤイヅシオツテン,小売業,1000,"2,000円以上会計で1,000円引き",1,425-0085,静岡県焼津市塩津61-1,054-621-4555,処方箋の自己負担金の支払いには使用できません。,https://store.welcia.co.jp/welcia/spot/detail?code=7213D&lang=ja&category=01.02.06.12.18.20,,138.3057004,34.8687042
507, ウエルシアグランリバー焼津大井川店,ウエルシアグランリバーヤイヅオオイガワテン,小売業,1000,"2,000円以上会計で1,000円引き",1,421-0218,静岡県焼津市下江留1444-1,054-6640850,処方箋の自己負担金の支払いには使用できません。,https://store.welcia.co.jp/welcia/spot/detail?code=7240D&lang=ja&category=01.02.06.12.18.20,,138.2749245,34.8113771
508,スマイルビューティー，K,スマイルビューティーケイ,小売業,1000,"2,000円以上会計で1,000円引き",1,425-0086,静岡県焼津市小土1131番地の1,054-621-7788,営業時間：10:00〜19:00　定休日：毎週水曜日、木曜日,sbk4949.p-kit.com,,138.2889153,34.862512
509,ウエルシア焼津下小田店,ウエルシアヤイヅシモオダテン,小売業,1000,"2,000円以上会計で1,000円引き",1,425-0059,静岡県焼津市下小田上町25-4,054-656-1760,処方箋の自己負担金の支払いには使用できません。,https://store.welcia.co.jp/welcia/spot/detail?code=7246D&lang=ja&category=01.02.06.12.18.20,,138.31253,34.8378996
510,ウエルシア焼津東小川店,ウエルシアヤイヅヒガシコガワテン,小売業,1000,"2,000円以上会計で1,000円引き",1,425-0035,静岡県焼津市東小川2-2-6,054-621-5211,処方箋の自己負担金の支払いには使用できません。,https://store.welcia.co.jp/welcia/spot/detail?code=7256D&lang=ja&category=01.02.06.12.18.20,,138.3175654,34.8566861
511,ウエルシア薬局焼津ねぎ島店,ウエルシアヤイヅネギシマテン,小売業,1000,"2,000円以上会計で1,000円引き",1,425-0047,静岡県焼津市東祢宜島16-4,054-623-0933,処方箋の自己負担金の支払いには使用できません。,https://store.welcia.co.jp/welcia/spot/detail?code=7304D&lang=ja&category=01.02.06.12.18.20,,138.3025248,34.8434316
512,ウエルシア薬局焼津新焼津店,ウエルシアヤッキョクヤイヅシンヤイヅテン,小売業,1000,"2,000円以上会計で1,000円引き",1,425-0026,静岡県焼津市焼津4-6-20,054-621-3788,処方箋の自己負担金の支払いには使用できません。,https://store.welcia.co.jp/welcia/spot/detail?code=7903C&lang=ja&category=01.02.06.12.18.20,,138.3139328,34.8618789
513,ウエルシア薬局焼津与惣次店,ウエルシアヤッキョクヤイヅヨソウジテン,小売業,1000,"2,000円以上会計で1,000円引き",1,425-0034,静岡県焼津市与惣次1-10-11,054-656-1537,処方箋の自己負担金の支払いには使用できません。,https://store.welcia.co.jp/welcia/spot/detail?code=7912C&lang=ja&category=01.02.06.12.18.20,,138.3099277,34.8455898
514,ウエルシア焼津三ケ名東店,ウエルシアヤイヅサンガミョウヒガシテン,小売業,1000,"2,000円以上会計で1,000円引き",1,425-0071,静岡県焼津市三ケ名1100-6,054-625-7256,処方箋の自己負担金の支払いには使用できません。,https://store.welcia.co.jp/welcia/spot/detail?code=7359D&lang=ja&category=01.02.06.12.18.20,,138.307494,34.862887
515,クリエイトエス・ディー焼津三ヶ名店,クリエイトエス・ディーヤイヅサンガミョウテン,小売業,1000,"2,000円以上会計で1,000円引き",1,425-0071,静岡県焼津市三ケ名218,054-621-0511,タバコ購入にはご利用いただけません。税込み2000円以上のお会計でご使用いただけます。,https://www.create-sd.co.jp/,https://www.instagram.com/create_sd_official/,138.2992771,34.8534652
516,クリエイトエスディー焼津下小田店,クリエイトエスディーヤイヅシモオダ,小売業,1000,"2,000円以上会計で1,000円引き",1,425-0059,静岡県焼津市下小田上町 2-3,054-656-3161,タバコのご購入には使用いただけません。税込み2000円以上のお会計でご使用いただけます。,https://www.create-sd.co.jp/,https://www.instagram.com/create_sd_official/,138.3173516,34.8379298
517,ENEOS焼津インターSS,エネオスヤイヅインターエスエス,小売業,1000,"2,000円以上会計で1,000円引き",1,425-0091,静岡県焼津市八楠3-3-3,054-628-3716,営業時間：7:00-19:00（日曜定休）利用条件に関する注意：給油や洗車、オイル交換など当店のメニュー各種にご利用いただけます。給油の場合は、2000円以上のご利用になりそうか、給油前にあらかじめスタッフと共に確認させていただきます。1000円クーポン分については各種提携ポイント(VポイントやRポイント等)の付与はありません。,https://www.makita-oil.co.jp/%E3%82%AB%E3%83%BC%E3%83%A9%E3%82%A4%E3%83%95/eneos%E7%84%BC%E6%B4%A5%E3%82%A4%E3%83%B3%E3%82%BF%E3%83%BCss,https://www.instagram.com/eneos_yaizu_inter_ss/,138.310938,34.878313
518,クリエイトエス・ディー焼津小土店,クリエイトエス・ディーヤイヅコヒジテン,小売業,1000,"2,000円以上会計で1,000円引き",1,425-0086,静岡県焼津市小土 270-17,054-621-3151,タバコのご購入には使用いただけません。税込み2000円以上のお会計でご使用いただけます。,https://www.create-sd.co.jp/,https://www.instagram.com/create_sd_official/,138.293923,34.8688367
519,クリエイトエスディー焼津四丁目店,クリエイトエスディーヤイヅヨンチョウメテン,小売業,1000,"2,000円以上会計で1,000円引き",1,425-0026,静岡県焼津市焼津 4-7-26,054-621-5021,タバコのご購入には使用いただけません。税込み2000円以上のお会計でご使用いただけます。,https://www.create-sd.co.jp/,https://www.instagram.com/create_sd_official/,138.3146324,34.8638755
520,ビジネスホテル大井川,ビジネスホテルオオイガワ,宿泊業,500,"1,000円以上会計で500円引き",1,421-0214,静岡県焼津市中島452-1,080-5100-2445,,https://bhoigawa.com,https://www.instagram.com/bhoigawa/,138.2768804,34.7916288
521,松の井指圧・鍼・灸院,マツノイシアツ・ハリ・キュウイン,その他,1000,"2,000円以上会計で1,000円引き",1,425-0035,静岡県焼津市東小川４丁目１８?１０,054-628-4594,クーポンは施術のみ利用可　予約制,,,138.3154265,34.8534154
522,又八商店,マタハチショウテン,小売業,500,"1,000円以上会計で500円引き",1,425-0027,静岡県焼津市5-10-25,080-4778-3156,"営業時間11：30〜18：00
定休日：毎週木曜",,https://www.instagram.com/matahachi_syoten/,138.3238554,34.876337
523,株式会社サスナ,サスナ,小売業,1000,"2,000円以上会計で1,000円引き",1,425-0014,静岡県焼津市中里824番地,054-627-5525,営業日：月曜日〜金曜日　営業時間：9:00〜16:30,https://www.sasuna.co.jp/,https://www.instagram.com/sasuna014127/,138.3131503,34.8818627
524,アロマリンパマッサージサロン　和?なごみ?,アロマリンパマッサージサロン　ナゴミ,その他,1000,"2,000円以上会計で1,000円引き",1,425-0059,静岡県焼津市下小田上町18-16,090-7312-4007,,https://beauty.hotpepper.jp/kr/slnH000732629,,138.3162797,34.8372811
525,ひかり鍼灸接骨院 イオン焼津院,ヒカリハリキュウセッコツイン　イオンヤイヅイン,その他,500,"1,000円以上会計で500円引き",1,425-0045,静岡県焼津市祢宜島555,054-623-7222,"【午前】9:00～12:00,【午後】14:00～19:00 年中無休",,,138.3162797,34.8372811
526,ひかり鍼灸接骨院 食鮮館タイヨー小土院,ヒカリハリキュウセッコツイン　ショクセンカンタイヨーコヒジイン,その他,500,"1,000円以上会計で500円引き",1,425-0086,静岡県焼津市小土270-16,054-626-2266,"【午前】9:00～12:00,【午後】15:00～20:00 土曜日は休み、日曜・祝日：【午前】9:00～12:00,【午後】14:00～17:00",,,138.2928635,34.8688455
527,ひかり鍼灸接骨院 田子重田尻院,ヒカリハリキュウセッコツイン　タゴジュウタジリイン,その他,500,"2,000円以上会計で1,000円引き",1,425-0052,静岡県焼津市田尻421,054-623-5533,"【午前】9:00～12:00,【午後】14:00～19:00 　土曜・日曜・祝日：【午前】9:00～12:00,【午後】14:00～17:00",,,138.2928635,34.8688455