"R[h","s{R[hsR[h","NO","s{","s","","_Ji","_p","POIR[h","Z","","x","ox","p\j","Jn","I","p\L","({)","()","","_p","ANZX@","","oAt[","A","Adb","A","","_CZX","URL","l","1","2","x","el","oAt[","gpL","CXX\","CXgC","IgC","oAt[","oAt[__l","HPL","","h{_","h{_","^O1","^O2","^O3","["
"1391","222127","2025900015","","s","GXe[Ruby","GXe[r[","425-0086","","sy644-7","","34.8659731","138.2975482",";;;y;j;;","09:30","18:00","135jxAIt18","","Sj[sxAtFCVGXe5,280~`A{fBGXeAlCAtbgPAAot","1997N8I[v28NB{GXeeBbNo^v~ATAqlJSB","","","3","","","054-620-2022","","","","https://lin.ee/FHyErS8","WB","E","wE","","","","","","","","","","L","","","","","","",""
"1390","222127","2025900014","","s","]","Gh\oXP","425-0074","","sV601-3","","34.8552304","138.2884161",";;;;;y;j","11:00","21:00","xe: 15:00`17:00 j`c@","","","wIYgpAXPB{ipBHAy","","","XO4AX14@v18","","","054-637-9240","","","","https://www.instagram.com/soba.yasuke?igsh=ZzBodzQ0eThiaXpl","WB","H","aH","","23l","L","","Z","","","","","L","","","","","","",""
"1389","222127","2025900013","","s","pnCt@Cu","RhGCSnCt@Cu","425-0077","","sPxV859-3","","34.8624508","138.2956149",";;;","10:00","19:45","9`21","","cNX 7000~/AwNX 8000~/","pugvlbXBIs{wI  s`XIqSpbVpBI","","","3","","","070-8460-0542","","","","https://sites.google.com/view/hifive-kids-home/%E3%83%9B%E3%83%BC%E3%83%A0","WB","X|[c","{","","","","","","","","","","L","","","","","","",""
"1388","222127","2025900012","","s","X^WI sN`[Y","X^WI sN`[Y","425-0086","","sy1140-11","","34.8622808","138.2914511",";;;;;y;j","09:00","19:30","","","","HAPPYESMILEEFAMLYe[}tHgX^WIBfG^CB{QAxr[AOAlA^B","","","7","","","054-621-2558","","","","http://s-pictures6512.juno.bindsite.jp","WB","E","wE","","","","","","","","","","L","","","","","","",""
"1387","222127","2025900011","","s","q|","IJVhRAu","425-0035","","s69-6","","34.8527147","138.3110114",";;;y;j;;","08:00","17:00","XxXLAXL","","","18NnAnteB","","","3","","","054-628-2264","","","","https://www.instagram.com/aburaya.m.18/","WB","","q","","","","","","","","","","L","","","","","","",""
"1386","222127","2025900010","","s","{RXSHIBAHARA","{RXVon","425-0052","","scK1685","","34.8259212","138.3191356",";;;;;y;j","09:00","19:00","","","","YGXeiX@Nh|[{[e@GKX@ArI@VFN[","","","RiXjT","","","054-624-5791","","","","https://www.instagram.com/labcosmeshibahara/?locale=ja_JP","WB","","","","","","","","","","","","L","","","","","","",""
"1385","222127","2025900009","","s","PublicHouseYAIZU","pubNnEXCd","425-0021","","s`5-1-7","","34.8752373","138.3258748",";y;","19:00","00:00","","","`[W0~EJNeSi600~","2024NVKI[vIwAso[wI","","","4","","","090-2266-2699","","","","https://www.instagram.com/publichouseyaizu?igsh=NWVzc2oxeTZlZXYy&utm_source=qr","WB","H","","","15l","L","","Z","","","","","L","","","","","","",""
"1384","222127","2025900008","","s","asitubo cafe hana","AVc{@JtF@ni","425-0091","","s42215","","34.8801208","138.301112",";;;;;j;y;","10:00","19:00","","","302000~","pc{SgtbVI{fBPAASgICAtFCV{pBqlybgBi~jhbOL","","","1","","","090-8958-0168","","","","https://www.instagram.com/mikiko_matsushima/","WB","X|[c","{","","","","","","","","","","L","","","","","","",""
"1383","222127","2025900007","","s","CR","E~g}","425-0027","","sh1P-1","","34.8720797","138.3182659",";;;;;;y;j","00:00","","@wB","","VR}Og1,800~AVR}Og1,500~","NxVN}OyB","","","IpB","","","090-5107-3801","","","","https://ymitoyama.base.shop","WB","","EYHi","","","L","Z","Z","Z","Z","","","L","","","","","}O","",""
"1382","222127","2025900006","","s","h","^CGChE","425-0022","","s{2-16-43","","34.8674671","138.3226387",";;;;;y","08:30","17:00","","","","XIWiP[XiVcAVcAxmRA)B","","","1","","","054-628-5008","","","","http://www.taieido.jp/","WB","","","","","","","","","","","","L","","","","","","",""
"1381","222127","2025900005","","s","X","NXJ~StNe","425-0036","","s5-2-15","","34.8589895","138.3079817",";;;;y;j","10:00","18:00","","","","kJBVㄦoAhoCXJX^kBAN[jOTCYBVcCB","","","XORA2T","","","054-629-2991","","","","https://www.kusukami.jp","WB","","VcEE","","","L","Z","Z","","","","","L","","","","","","",""
"1380","222127","2025900003","","s","凄鬣坂 caffe maco","WJoCZR[q[@JtF}R","425-0014","","s556-1","","34.880388","138.3153097",";;;;;y","","21:00","F17:00`@E@yF14:30`@cB","","","凄鬣坂@XEeCNAEgEB","","","6","","","054-625-7488","","","","https://caffemaco.com","WB","H","iXEJtF","","12l","","","","","","","","L","","","","","","",""
"1379","222127","2025900002","","s","","CV}ZC^C","425-0035","","s4-24-4","","34.8519535","138.3136358",";;;;y;j","14:00","18:00","18:00tI@3jx","","","Al7N}BXASzB","","","","","","090-6090-8449","","","","https://ishima-seitai.com ","WB","X|[c","{","","","L","","","","","","","L","","","","","","",""
"1378","222127","2025900001","","s","L@h","EQKCVPCzE","421-0212","","sEq626-2","","34.789622","138.2889608","","10:00","15:00","10F00`15F00iyEjj","","","JjEITotbVRBOBHIyI","","","10","","","054-622-7556","","","","","WB","","EYHi","","","","","","","","","","","","","","","To;EiM","",""
"1377","222127","2025000203","","s","hwx`hoya`","jmIhz","","","sV119]1","","34.861845","138.323886","","","","","","116,500~`E466,000~`Airbnb\","YW^Ymx[V{B^Xy[XEhlpB","","","2","","","054-624-1355","","","","https://niwayado.com/","yfz}bv","h","{","","","L","","Z","","","","","L","","5ia5j10lei10vkj","","","","",""
"1376","222127","2025000202","","s","nEXze","CdnEXze","","","s{4-8-28","","34.864222","138.320595","","","","","","P28,000~`@AirbnbA\","zeBAlAABAAO[vsApB","","","2","","","090-1208-1708","","","","https://yaizuhousehotel.com/","yfz}bv","h","{","","","","","","","","","","L","","_CjOLb`1A1Ka_uxbh22lA1KO@azc3g3lA2Kmxbh3l@8lh\BgC2AC1","","","","",""
"1375","222127","2025000201","","s","bo-kaap YAIZU","{J[vCd","","","s{1-5-15","","34.8695184","138.3231059","","","","","","P 19,900~~ihlAj","AtJP[v^EJtX`ubo-kaapvC[WBSGyB","","","1","","","050-7123-3008","","","","https://bo-kaap-yaizu.com","yfz}bv","h","{","","","","","","","","","","L","","4LDK@8i8vkj","","","","",""
"1374","222127","2025000200","","s","D{@}pX","CdZCzPzEWCd}pX","","","s{1-6-3","","34.870074","138.322398","","","","","","8,900~`","VRAAMAJugCNB","","","15","","","054-629-1011","","","","https://www.sempos.or.jp/yaizu/","yfz}bv","h","","","","","","","","","","","L","","28ia19Em3Eam6j93le","1","","","",""
"1373","222127","2025000199","","s","CRAFTHOTEL @DOCK","NtgzejV}`hbN","","","swk2-8-9","","34.8724648","138.3157379","","","","","","S5,500~`@D8,800~`@T9,900~`","QXgnEXzeIh[~g[fAHXB","","","m\EiRCp[LOL","","","050-8893-8582","","","","https://www.instagram.com/hotel.yaizu/","yfz}bv","h","h","","","","","","","","","","L","","2135le","","","","",""
"1372","222127","2025000198","","s","h@H@","~VNIVNWhRiMeC","","","sl2-19-25","","34.876228","138.33101","","","","","","12Ht10,200~`","COBxp]iBVNCKyhB","","","7/^vk","","","054-671-1300","","","","http://park6.wakwak.com/~yanagitei/","yfz}bv","h","h","","","","","","","","","","L","","2ia2j10le","","","","",""
"1371","222127","2025000197","","s","rWlXze","rWlXzeIICK","","","s452-1","","34.791629","138.27688","","","","","","S6,600~i1QHj","2024Nj[AIAbgz[CBSWi-FiBBRCh[B","","","10/^2","","","080-5100-2445","","","","https://bhoigawa.com/","yfz}bv","h","","","","","","","","","","","L","","1616leihkj","","","","",""
"1370","222127","2025000196","","s","rWlXze@","rWlXzeXCzE","","","s310-1","","34.81472","138.280294","","","","","","1li{j7,480~`ij8,030~`@f5,500~`","}X}[gIC5BrWlXEX|[cEA lGXj[B","","","8/^1","","","054-622-0028","","","","http://suiho.info/","yfz}bv;FAX@054-622-1955","h","","","","","","","","","","","L","","10ia9Em1j@35le","","","","",""
"1369","222127","2025000195","","s","yM","cNVJ","","","sh1-11-10","","34.870557","138.316513","","","","","","1H6,490~`A@12Ht8,580~`","wk5BnB[P[VErWlXE[~EX|[chKB","","","10/^2","","","054-627-7378","","","","https://tukusiryokan.com/","yfz}bv","h","","","","L","Z","Z","","","","iBLBKvxbgB","L","","12ia12j30le","","","","",""
"1368","222127","2025000194","","s"," ","cLg}OCVK~","","","sl1047","","34.895148","138.345527","","","","9F00`11F00@@15F00`21F00","","12Ht33,000~`","2022N7j[AI[vB殒tR[XB","","","8","","","054-627-1636","","","","https://www.magurono-oyado-ishigami.net/","yfz}bv","h","","sx","","","","","","","","","L","","5iamj10le","1","","","",""
"1367","222127","2025000193","","s","ijij","~igmh~M","","","s{1-14-2","","34.868176","138.324766","","","","","","12Hti21j1l34,000~`46,000~@r1l150~","CIVCtqhBSnhB","","","10/^1","","","054-628-3155","","","","http://www.migiwaya.jp/","yfz}bv","h","","","","L","Z","Z","","Z","","CXLBtbgBLBQKGx^[sB","L","","8iam8j32le","1","","","",""
"1366","222127","2025000192","","s","Zgze","jVCdZgze","","","sV858","","34.85787","138.290313","","","","","","1Ht?4,900~ ?8,000~@","365@i^jE@E@BwBrWlXzeB","","","60/^i4gj7","","","054-626-2222","","","","http://www.nishiyaizu.com/","yfz}bv","h","rWlXze","","","","","","","","","","L","","98im98j102le","","","","",""
"1365","222127","2025000191","","s","ze[gCC^[","ze[gCCdC^[","","","s1-27-7","","34.881928","138.3026396","","","","","","1Ht@?6,900~`?10,800~`"," ICOI EHT[rXEEvnvnvS","","","119/^vk","","","054-671-0001","","","","https://www.route-inn.co.jp/","yfz}bv","h","rWlXze","","","","","","","","","","L","","135200le","","","","",""
"1364","222127","2025000190","","s","HOTEL nanvan","zeioCd","","","sz360-3","","34.885201","138.296755","","","","","","PiHtjS7,500~`D12,000~`T15,000~`@","IC1EV}IC7@HiHj","","","125/^v\@zew}iv\j","","","054-628-8835","","","","https://www.nanvan.jp/","yfz}bv","h","rWlXze","","","L","Z","","Z","","","","L","","154SLLAN LAN","","","","",""
"1363","222127","2025000189","","s","zeV[bNp","zeV[bNpCd","","","sh2-6-17","","34.871347","138.321266","","","","","","1Htr6,490~AD8,580~As9,680~","wk3BBSSW-FBuncBqlgX}zEGB","","","64","","","054-620-5586","","","","https://www.sealuckpal.co.jp/yaizu/","yfz}bv","h","rWlXze","","","","","","","","","","L","","108icC15E_u18pj","","","","",""
"1362","222127","2025000188","","s","zeZNgCwO","zeZNgCCdGL}G","","","sh2-3-5","","34.871375","138.319709","","","","","","1S5,200~`iLj","ZNgCzB","","","23","","","054-627-3436","","","","https://select-hotels.jp/yaizu/","yfz}bv","h","rWlXze","","","","","","","","","","L","","37@72le","","","","",""
"1361","222127","2025000187","","s","CwO","N^PCCdGL}G","","","swk1-2-2","","34.873119","138.318288","","","","","","PHt6,600~`","wk30bHoCLOjBFl}vB","","","50/^@vk","","","054-620-0011","","","","http://www.kuretake-inn.com/yaiz/","yfz}bv","h","rWlXze","","","L","Z","Z","Z","","","gpiPjiLACj","L","","117@@125le","1","","","",""
"1360","222127","2025000186","","s","Tze","JmCzeCd","","","sl1375-2","","34.883084","138.333097","","","","","","TPQHt13,0Q0~`@","xpzeB2025N7j[AI[v\BXgAr[j[ABLbYp[NaB","","","60","","","054-627-0661","","","","https://kamenoi-hotels.com/yaizu/","yfz}bv","h","ze","","","L","Z","Z","Z","","","oAt[[PBALBixbh2A3h\jqVstg","L","","53iIVCtam5Eam2Em28Ea18j196le","1","","","",""
"1359","222127","2025000185","","s","Ohze","CdOhze","","","sl1489","","34.883258","138.337117","","","","\Z^[@9:30`18:00","","12Ht@W24,500~`ij","xpxmR]BANeBreBRec[I[CN[VuE][gBE","","","100/^vk","","","054-627-1121","","","","https://www.sn-hotels.com/ygh/","yfz}bv","h","ze","","","L","Z","Z","Z","Z","","X[vAIgCRAV[`FALB","L","","137450le","1","","","",""
"1358","222127","2025000184","","s","zeArAt","zeArAVEtEJN","","","slCu","","34.884753","138.337298","","","","","","W@23,250~`","xmRxp]IiCKyB","","","150/^20","","","054-628-3131","","","","https://www.syofukaku.com/","yfz}bv","h","ze","","","L","Z","Z","Z","Z","","qAgCAX[vLB","L","","114@402le","1","","","",""
"1357","222127","2025000183","","s","^J[","AT_^J[","","","s{3-1-16","","34.865856","138.320254","","","","8:00`19:30","","","yl`piETCEirtLjBCydbB","","","","","","054-626-0488","","","","http://www.gsr-asada.com/","yfz}bv","X|[c","^J[","jEj","","","","","","","","","L","","","","","","",""
"1356","222127","2025000182","","s","}","~imgVJTJN","","","sh3-3-33","","34.86984","138.320248","","","","14:00`18:00","","","wOXX}B50{IeI[i[I{AoB","","","XXtLp","","","090-6099-3313","","","","https://www.sancacu.com/","yfz}bv","X|[c","{","sxJHPcJ_[B","","","","","","","","","L","","","","","","",""
"1355","222127","2025000181","","s","ArA@cA[Y","ArAcA[Y","","","sh2-2-21@ArAp[NrQF","","34.871799","138.319502","","","","10:00`17:00","","","lsc`IECOsvB","","","236","","","054-620-7731","","","","http://www.ambia.co.jp/","yfz}bv","X|[c","{","yjEjEj","","L","Z","Z","","","","Gx[^[LBiX\B","L","","","","","","",""
"1354","222127","2025000180","","s","iLj}","Cd}","","","s`5-18-5","","34.875039","138.329049","","","","9:00`18:00","","","{[gSA^{[gBCACExmRB","","","k","","","054-627-6171","","","","http://www.yaizumarine.co.jp/","yfz}bv","X|[c","{","j","","","","","","","","","L","","","","","","",""
"1353","222127","2025000179","","s","[w{ANAX","V\EXC^CPVZcANAXCd","","","sP136-26","","34.857051","138.326705","","","","j`j9:00`22:00/yj9:00`21:00/jEj9:00`18:00","","","[wCDECCbgN@u^\es[vGArNXEKEseBXB","","","162/^3","","","054-621-0200","","","","https://aquas.blueearth.co.jp/","yfz}bv","X|[c","X|[c{","j","","L","Z","Z","Z","Z","","X[vLBgCLB","L","","","","","","",""
"1352","222127","2025000178","","s","凄鬣坂@萼坂{","WJoCZR[q[O~R[q[{","","","sh1-2-14isj","","34.87157","138.318799","","","","8:30`17:15","","","_i玎坂A_E^Cgbv猷坂AyYyB_噗噼Ed鲟坂E哙坂
_LOER","","","","","","","","","","https://www.instagram.com/megumi_coffee_lab/","yfz}bv;[Fmegumi.coffeelab@gmail.com","","","NNn","","","","","","","","","L","","","","","","",""
"1351","222127","2025000177","","s","Mtg@VfB@JlV[Mtg","IN^NiMtgVfBJlV[Mtg","","","s539","","34.787752","138.281918","","","","10:00`16:00","","","EoYECjEE^IEeiELOiXBB","","","10/^1","","","054-622-6544","","","","http://oigawa-s.net/kanesyo/","yfz}bv","","","jEjEj@iGj","","L","","Z","","","","oiA}bgBXiB","L","","","","","","",""
"1350","222127","2025000176","","s","JlWEHiij","JlWEVNqJuVLKCV","","","sgi7-1","","34.7973541","138.2793405","","","","9:00`16:00","","","}cBXARA}VFlCiB","","","10","","","054-622-5515","","","","https://kanejyu.com/","yfz}bv","","","yjEjEjE~ENNn","","","","","","","","","L","","","","","","",""
"1349","222127","2025000175","","s","}[g","CVd}[g","","","s`31-3","","34.8425472","138.3263406","","","","9:00?19:00","","","VNhgylCBtC32~AtC162~RXp`B","","","12","","","054-624-7757","","","","https://www.instagram.com/ishizumart/","yfz}bv","","","jEjEj","","L","","Z","","","","","L","","","","","","",""
"1348","222127","2025000174","","s","`EEV_@X","V]`JIfIxgEIXrmeWlMV}e","","","sIX16-P","","34.838884","138.308173","","","","9:00`20:00","","","uOpv`o}IIcAB","","","6","","","054-625-1233","","","","http://www.tenjinya.com/","yfz}bv","","","NxiNNnxj","","L","","Z","","","","oiLAXB","L","","","","","","",""
"1347","222127","2025000173","","s","qpH[@pgX","CVK}pRE{EpgCde","","","s2-27-1","","34.848304","138.312938","","","","7:00`19:00","","","lCJ[p{itXpAJp[jBMB","","","14@y5","","","054-656-0810","","","","https://paton0810.com/","yfz}bv","","","jijxj","","L","Z","","","","","","L","","","","","","",""
"1346","222127","2025000172","","s","KXA[gAJCbN","KXA[gmAJCbN","","","s4-15-16","","34.852056","138.315504","","","","10:00`19:00","","","gtB[AC{gAOXCXgAOAGBaAjAjLOiB","","","6","","","054-628-7117","","","","https://fuji-arc.net/","yfz}bv","","","j","","","","","","","","","L","","","","","","",""
"1345","222127","2025000171","","s","X","IIXYgEte","","","s8-12-8","","34.849386","138.308518","","","","10:00`18:00","","","o@XBO@i\B","","","8","","","054-665-6267","","","","https://www.suruga2525.com/","yfz}bv","","","j","","","","","","","","","L","","","","","","",""
"1344","222127","2025000170","","s","WGc`","WGc`","","","sV882","","34.858527","138.288533","","","","10:00`19:00","","","AfUCE|IWiWG[S^XB","","","35","","","054-629-1670","","","","https://www.rubida.com/","yfz}bv","","","j","","L","","Z","","","","","L","","","","","","",""
"1343","222127","2025000169","","s","g@X","V","","","sz408","","34.8825263","138.2981114","","","","9:00`16:30","","","IWi`R[gqApbP[W[J[B","","","5","","","054-627-6211","","","","https://www.yaizu.gr.jp/spot/1526","yfz}bv","","","yjEjEj","","L","","Z","","Z","","","L","","","","","","",""
"1342","222127","2025000168","","s","osotoG@iI\gUbJj","I\gUbJ","","","sV48-1","","34.860649","138.323709","","","","10:00`19:00iGLj","","","SRALp[yAEghApiIWiiAJtFB","","","4","","","054-625-9115","","","","https://www.osotozakka.com/","yfz}bv","","","j","","","","","","","","","L","","","","","","",""
"1341","222127","2025000167","","s","SWENX","XEFCde","","","s1-8-4","","34.8596434","138.3128686","","","","10:30`20:00@yj10:00`20:00","","","LvCtX^CCRZvg]Rqc[uhiWJB","","","30iL40j","","","054-621-5015","","","","http://www.casa-swen.com/index.htm","yfz}bv","","","j","","L","Z","Z","","Z","Gx[^L","","L","","","","","","",""
"1340","222127","2025000166","","s","桎邃X","CULRjNe","","","sV1-5-14","","34.859261","138.320597","","","","9:00`16:00","","","na2NBEl`I@XB","","","P","","","054-628-2788","","","","https://iwazaki-konnyaku.jp/","yfz}bv","","","yjEjEj","","L","","Z","","","","","L","","","","","","",""
"1339","222127","2025000165","","s","JAuv l","WFCG[IICK}TCJ}TCJVYn}","","","s@1-2","","34.814155","138.281471","","","","9:00`17:00","","","_OYuVNESESv_{YHiuvBbuvB","","","91","","l","054-664-0831","","","","https://ooigawa.ja-shizuoka.or.jp/mansaikan/index#what","yfz}bv","","","2ji7E8jNni11`4j331A930","","L","Z","Z","Z","Z","","iBgCLB","","","","","","","",""
"1338","222127","2025000164","","s","JAuv","WFCG[IICK}TCJ}TCJCd","","","s4-8-5","","34.863206","138.31475","","","","9:00`17:00","","","_OYuVNESESv_{YHiuvBbuvB","","","88@@@@@@@@@@@@@@","","","054-626-8822","","","","https://ooigawa.ja-shizuoka.or.jp/mansaikan/index#what","yfz}bv","","","2ji7E8jNni11`4j331A930","","L","Z","Z","Z","Z","","iBgCLB","","","","","","","",""
"1337","222127","2025000163","","s","","VREW","","","s{2-15-6","","34.8665374","138.3228475","","","","9F00`17:00","","","YfyHiXBXARABJbvI","","","6","","","054-628-5310","","","","https://www.shimomura-koujiya.com","yfz}bv","","","jEjEyj","","","","","","","","","L","","","","","","",""
"1336","222127","2025000162","","s","@cX","NgedNmAWn_TPe","","","s3151","","34.850131","138.320026","","","","9:00`19:00","","","hhAnSiB","","","3","","","054-624-2482","","","","http://www.haradasaketen.com/","yfz}bv","","","j","","L","","Z","","","","iB","L","","","","","","",""
"1335","222127","2025000161","","s","J[Y@O[","J[YO[","","","sVc251-3","","34.84461","138.291743","","","","9:00`20:00","","","uATAvA~AA|AuEEEvB","","","10","","","054-624-3210","","","","https://green.ocnk.net/","yfz}bv","","","j","","L","","Z","","","","iB","L","","","","","","",""
"1334","222127","2025000160","","s","xn@ymjX","XKmWUPiJmtWITPe","","","s`1-3-27","","34.871569","138.322395","","","","9:30`18:30i~dj","","","XBSiAunAnioXBwkTB","","","4","","","054-628-3529","","","","https://www.yaizu.gr.jp/spot/2872","yfz}bv","","","jijENcjEx","","","","","","","","","","","","","","","",""
"1333","222127","2025000159","","s","Rij","}C`GZC`","","","sVc862-1","","34.815393","138.273768","","","","9:00`18:00","","","_X1966NnB{_XBlCNo1I_BM_lC}I","","","20/^2","","","054-622-1724","","","","https://www.yamaichien.com/","yfz}bv","","","","","","","","","","","","L","","","","","","",""
"1332","222127","2025000158","","s"," Z^[X","iK~lZC`TJiZ^[e","","","s4-13-7","","34.880435","138.303333","","","","9:00`17:00","","","yI[vf[^pznAZ^[XB\tgB","","","染堇","","Z^[X","054-629-3321","","","","http://www.rakuten.co.jp/nagamine/","yfz}bv","","","uTj","","L","Z","Z","Z","Z","","Z^[","L","","","","","","",""
"1331","222127","2025000157","","s","Oa{X","iK~lZC`~ze","","","Oa60","","34.822801","138.302095","","","","9:30`18:00@@@","","","Oa{XAJtFAuRxmvwiDP[VB","","","50/^1@@@@@@@@@@@@@@@@@@@@","","Oa{X","054-625-1251@","","","","http://www.rakuten.co.jp/nagamine/","yfz}bv","","","NxiNNnj","","L","","Z","","","","XApX[vLB","L","","","","","","",""
"1330","222127","2025000156","","s","ijnbg","nbgZC`","","","sOP787-1","","34.859419","138.298753","","","","9:00`18:00","","","EgER[q[EBR[q[yB","","","10","","","054-629-5057","","","","https://hattori2020.com/","yfz}bv","","","	jEj","","L","","Z","","","","","L","","","","","","",""
"1329","222127","2025000155","","s"," oCcXiSANOWAj","I`m}^}Gg_e","","","s5-9-17","","34.857072","138.310677","","","","9:30`18:00(LO.17F00)","","","oCcXiXy[XAXC[ciptFjB","","","10","","oCcX","054-621-5501","","","","http://www.marutamaen-shop.com/","yfz}bv","","","ji5812xcj","","","","","","","","","L","","","","","","",""
"1328","222127","2025000154","","s","@wO{X","I`m}^}GGL}GhIze","","","sh4-1-4@@","","34.870362","138.319592","","","","9:00`18:00@@@@","","","yI[vf[^pzw3BHdBM!AgqACAiB","","","2@@@@@@@@@@@@@@@","","wO{X","054-628-4020@","","","","http://www.marutamaen-shop.com/","yfz}bv","","","ji5E12jcj","","","","","","","","","L","","","","","","",""
"1327","222127","2025000153","","s","R","TSE}C`","","","swk3-15-28","","34.874729","138.31492","","","","9:00`18:00","","","h[icBVCX^OB35yamaichi","","","5","","","054-629-6121","","","","https://www.instagram.com/35yamaichi/","yfz}bv","","","j","","L","Z","Z","","","","","L","","","","","","",""
"1326","222127","2025000152","","s","VRELb`","VRELb`","","","s1151-7","","34.8026242","138.2642052","","","","10:00?18:00","","","H[`R[gXBJtN``Ry`R[gB","","","14","","","054-637-9595","","","","https://chocolat-kitchen.shop/","yfz}bv","","","j","","L","Z","Z","","Z","","","L","","","","","","",""
"1325","222127","2025000151","","s","MOMO","AgG","","","sgi1937-1","","34.791579","138.304148","","","","10:00`18:30","","","P[LBLV[AGt[c^glCB_{[h[icqB","","","W","","","054-622-2262","","","","https://www.ateliermomo.com/","yfz}bv","","q","Nx","","L","","Z","","","","","L","","","","","","",""
"1324","222127","2025000150","","s","gWG","gWG","","","s1-19-2","","34.840088","138.31077","","","","10:00`18:30","","","g[[nEXpVX^CP[LBo[Xf[P[LAvAV[N[lCB@CX^@tresjouer
","","","S","","","054-397-5053","","","","https://www.instagram.com/tresjouer/","yfz}bv","","q","jE x","","","","","","","","","","","","","","","",""
"1323","222127","2025000149","","s","w","Cd~\}KbJC","","","sh41-3","","34.866236","138.30226","","","","X","","","30i27\j@wXl\^BnqFmB@","","","X","","(@gj","054-628-3926","","","","https://naotora-code.tumblr.com/","yfz}bv","","q","X","","ieXj","","","","","","","L","","","","","","",""
"1322","222127","2025000148","","s","yq{X","LEhKVJVnjVCd\Eze","","","s515-3","","34.85393","138.288454","","","","9:00`18 :00","","","yYqIIXAigo@https://www.kashiharu.com/","","","20/^1","","","054-628-1100","","","","https://kashiharu.com/","yfz}bv","","q","Nx","","L","Z","Z","","","","gpLBoiBhAB","L","","","","","","",""
"1321","222127","2025000147","","s","qi@p@","IJVcJTJh","","","s{5-7-8","","34.862755","138.321584","","","","9F30`18:30","","","TuGamqB","","","X1AAgp","","","054-628-3870","","","","http://web.thn.jp/yaizukadoya/index.html","yfz}bv","","q","jissxj","","L","","Z","","","","","L","","","","","","",""
"1320","222127","2025000146","","s","","IJVmNj","","","sh5-10-25","","34.868695","138.320536","","","","11:00`17:30","","","qBCyBTwitter @okashino92","","","2","","","054-687-9177","","","","https://twitter.com/okashino92","yfz}bv","","q","j`j","","","","","","","","","L","","","","","","",""
"1319","222127","2025000145","","s","X","}ccOe","","","sEq2720-20","","34.781527","138.298359","","","","7:00`17:30/~7:00`16:30iyjEjEj6:00`j","","","`OBAAGTAVA","","","20","","","054-622-2119","","","","","yfz}bv","","","","","","","","","","","","","","","","","","",""
"1318","222127","2025000144","","s","f`ldEh[@tr`X","Q[h[[GXG[cOe","","","s`2-4","","34.844585","138.327029","","","","6:00`23:00@~G7:00`23:00@yEj30JciVXBuOQj","","","eiCZbg3,300~`jAGTeBEB^1700~B300~","","","13","","","054-624-5237","","","","http://gameusa.blog.fc2.com/","yfz}bv","","","j","","","","","","","","","L","","","","","","",""
"1317","222127","2025000143","","s","nhChGX@jtqhr`mbgh","nhChAhUbJmI~ZNT`","","","sh3-3-32","","34.869799","138.320263","","","","10:00`17:00ijEj15:00j","","","Sen80nhChiBqqAyB_@{_@DY_ij","","","XXp","","","","","","","https://www.instagram.com/kurisanchi/","yfz}bv","","VcEE","j","","","","","","","","","L","","","","","","",""
"1316","222127","2025000142","","s","RX","XM}XVVEe","","","sOP307","","34.854996","138.300326","","","","13:00`18:00","","","VcBLxDJBTkTCY[I","","","8/^1","","","054-628-3012","","","","https://sugiyasu-uogashi.com/","yfz}bv","","VcEE","5`10j/11`4yjEjEj","","L","","Z","","","","iAX`B","L","","","","","","",""
"1315","222127","2025000141","","s","Vc@_","EIKVVcn}C`","","","s542-1","","34.881883","138.319221","","","","11:00`18:00i7`810:00`19:00j","","","qplpiVc&XBTCg[B","","","5","","","054-295-6666","","","","https://sativa812.com/","yfz}bv","","VcEE","ji7`8xj","","","","","","","","","L","","","","","","",""
"1314","222127","2025000140","","s","X","^JnV\me","","","sV1-12-10","","34.85814","138.321897","","","","9:00`18:00","","","AAAAVcAobOB","","","1","","","054-628-2554","","","","","yfz}bv","","VcEE","sx","","","","","","","","","","","","","","","",""
"1313","222127","2025000139","","s","gG[@X","gG[RKe","","","s4-2-3","","34.853348","138.308556","","","","10:00`19:00","","","Vc@NVANBlCB","","","5","","","054-627-3050","","","","http://www.yaizu-uogashi.jp/","yfz}bv","","VcEE","j","","L","","Z","","","","aXAXoAt[","L","","","","","","",""
"1312","222127","2025000138","","s","gG[@aX","gG[VEhIe","","","s{4-10-17","","34.863452","138.321636","","","","10:00`17F00","","","Vc@NVANBlCB","","","5","","","054-627-4977","","","","http://www.yaizu-uogashi.jp/","yfz}bv","","VcEE","jEj","","L","","Z","","","","aXAXoAt[","L","","","","","","",""
"1311","222127","2025000137","","s","","Lc","","","sh3-1-13","","34.870425","138.319865","","","","10:00`17:30","","","cEuXvXBVcEVcSYHiYiLAeiVbvB","","","XXp","","","054-627-6415","","","","http://812yakitsuya.web.fc2.com/","yfz}bv","","VcEE","j","","","","","","","","oiAXB","L","","","","","","",""
"1310","222127","2025000136","","s","X","}V`XYLVEe","","","sgi1423-4","","34.789812","138.301112","","","","9:30`17:00ijEj`16:00j","","","Xp`I@dV_YbB{lBhttps://yamashichi.shop-pro.jp/","","","10/}CNP","","","054-622-7744","","","","https://yama-shichi.shop-pro.jp/","yfz}bv","","EYHi","j","","L","","Z","","","","","L","","","","","Gr;VX","",""
"1309","222127","2025000135","","s","()","XYJc","","","sgi1915","","34.7906068","138.3048326","","","","9F00`16F00","","","ptBATr\[XiXw\B","","","9","","","054-622-0333","","","","https://www.suzukatsu.co.jp/","yfz}bv","","","AyEj","","","","","","","","","L","","","","","","",""
"1308","222127","2025000134","","s","`CVg","IICKRETNGrVEMELEhEN~AC","","","s1960","","34.783598","138.294934","","","","10:00`16:00ij","","","GrSxpgBg{B","","","","","","054-622-0453","","","","http://www.kanemann.com/sakuraebi/index.html","yfz}bv","","EYHi","yjEjEj","","","","","","","","","L","","","","","Gr","",""
"1307","222127","2025000133","","s","殁VX","A}TCgEVEe","","","sEq384-1","","34.791177","138.289334","","","","8:00`17:00","","","E赆ij@IXBn70NA`@IB","","","5/^P","","","054-631-4585","","","","https://amalu.co.jp/","yfz}bv","","EYHi","jEjEyj","","L","","Z","","","","tbgBhAJBij","L","","","","","To","",""
"1306","222127","2025000132","","s","ij@ijV","_VmJ^EIV}VE","","","sOa1384-1","","34.831133","138.302983","","","","9:00`17:30","","","YB_YbuxvAApbNAB","","","5","","","054-624-5158","","","","https://www.katauoya.com/","yfz}bv","","EYHi","jEjENNn","","L","","Z","","","","XX[vLB","L","","","","","JcI","",""
"1305","222127","2025000131","","s","@}c}G_X","R_mJcIuV}c}G_VEe","","","sV5-4-17","","34.852275","138.319224","","","","9:00`17:00","","","AHipBCyB","","","2","","","054-628-2059","","","","https://marutsu-maeda.com/","yfz}bv","","EYHi","yjEjEj","","","","","","","","","L","","","","","JcI","",""
"1304","222127","2025000130","","s","LC@ij","LCCdC]E","","","sV5-8-2","","34.852429","138.320546","","","","8:30`16:00","","","IYYAEqEVHsBIiD]!!","","","10","","","054-627-0181","","","","http://www.yakirei.co.jp/","yfz}bv","","EYHi","yjEjEj@yj","","","","","","","","","L","","","","","EiM;To","",""
"1303","222127","2025000129","","s","JlH","JlREWE`NoCW","","","sV3-9-3","","34.854952","138.322715","","","","8:00`16:00","","","#LlpYt[hD]InYBAiI
","","","5","","","054-628-3327","","","","https://yaizukaneyo.com/","yfz}bv","","EYHi","yjEjEj","","L","","Z","","","","","L","","","","","}O;JcI;To","",""
"1302","222127","2025000128","","s","R","er}dNJcIuVm}WE","","","sV5-4-9","","34.852331","138.318599","","","","j`j9 :30`17:00@yj9:00`11:30","","","`RB20Si]_YbBXx@B@yzHwiv\@lj","","","15(^oX)","","","054-628-3677","","","","https://www.yama10.jp/","yfz}bv","","EYHi","jEj","","","","","","","","","L","","","","","JcI","",""
"1301","222127","2025000127","","s","ijTXGOcX@X","TXG}G_EIejVRKe","","","s4-15-7","","34.853693","138.305765","","","","12F00`17:30@yj11F00`17:30","","","`VBOXgAVNLxB","","","30","","","054-626-0003","","","","https://sasue-maeda.com/","yfz}bv","","EYHi","jEj","","","","","","","","","L","","","","","}O;JcI;Gr;VX;To","",""
"1300","222127","2025000126","","s","}VF","C`}}VF","","","sl1-3-23","","34.878481","138.326425","","","","9:00`16:00","","","OHYpHiHBv[X[Xgr[tr[tV`[AiB","","","50","","","054-628-4115","","","","https://www.bras-de-chef.jp/marche/","yfz}bv","","EYHi","yjEjEjAGWAGE~Gx@","","","","","","","","","L","","","","","","",""
"1299","222127","2025000125","","s","Yij}Xe[V","CVnXCT}Xe[V","","","s2-5-2","","34.878473","138.311495","","","","9:00`16:00","","","EET[XBHiBSDGfsgXByj14uvZ[I","","","6iZ[ j","","","054-629-7420","","","","http://www.ishiharasuisan.co.jp/","yfz}bv","","EYHi","jEjijy14Exj","","L","","Z","","Z","","i","L","","","","","}O;JcI;EiM","",""
"1298","222127","2025000124","","s","RX@ioX","er}dNJcIi}uVZeVhEgWVEe","","","s2-29-21","","34.869952","138.3065","","","","9:00`17:00","","","yRzByYYzyzHB","","","2","","","054-628-3031","","","","https://saradakatuo.shop-pro.jp/","yfz}bv","","EYHi","j","","","","","","","","","L","","","","","JcI","",""
"1297","222127","2025000123","","s","X toto","cPMZegg","","","s4-15-28","","34.879903","138.304026","","","","10:00`15:00","","","A_plApKiOiBZ^[B","","","2","","","054-628-0781","","","","https://imaru-toto.com/","yfz}bv","","EYHi","j`jijsxjEj","","","","","","","","","L","","","","","}O;To","",""
"1296","222127","2025000122","","s","Z^[","tNC`CdEcEZ^[","","","s170","","34.882281","138.299643","","","","5:30`17:00","","","ICB}OIuWFBDcu|XvIIANxQB","","","42/^k","","","054-628-2913","","","","https://fukuichi-world.jp/ryutu/","yfz}bv","","EYHi","Nx","","L","Z","Z","Z","Z","","","L","","","","","}O;JcI;Gr;VX;To","",""
"1295","222127","2025000121","","s","X@}n`@lX","_VmZe}n`}cn}hIe","","","sV108-1-1","","34.861427","138.323764","","","","9:00`17:00","","","[J[cXBefupE~[vAiB","","","30","","","054-628-7371","","","","http://www.08m.jp/","yfz}bv","","EYHi","jEwx","","","","","","","","","L","","","","","JcI","",""
"1294","222127","2025000120","","s","CH[@@X","E~AWRE{EkJTCgEVEe","","","sV109-1","","34.861496","138.32385","","","","10:30`17:00","","","H[XI^XEEhEBVcD]I","","","2","","","054-628-4239","","","","https://www.nukaya.jp/","yfz}bv","","EYHi","sx","","L","","Z","","","","PFXXB","L","","","","","}O;JcI","",""
"1293","222127","2025000119","","s","","AVwC","","","s{6-7-9","","34.860965","138.321003","","","","11:00`16:00","","","SiI]niVBiSt@Bhttps://www.ashihei.net/","","","2","","","054-628-3008","","","","https://www.ashihei.net/","yfz}bv","","EYHi","jEjE~ENn","","","","","","","","XB","L","","","","","","",""
"1292","222127","2025000118","","s","X","}}^`NoCe","","","s1-4-3","","34.860053","138.316147","","","","10:00`16:00","","","YAAgAfAYB","","","5","","","054-627-1161","","","","https://www.marumata.jp/","yfz}bv","","EYHi","jEj","","L","","Z","","","","X\B","L","","","","","","",""
"1291","222127","2025000117","","s","iIWASEIj","CZC","","","s{5-14-9","","34.861742","138.322629","","","","9:00`17:00","","","uIv_{[E_YbBz110NXgIiyB","","","3","","","054-629-2025","","","","https://www.iwasei.com/","yfz}bv","","EYHi","jEjENNnEx","","","","","","","","","L","","","","","}O;JcI;To","",""
"1290","222127","2025000116","","s","@aX","JlgVEhIe","","","s{4-12-10","","34.863879","138.321996","","","","9:30`18:00","","","n110NVBYpbNBihbOt[hEI
","","","4","","","054-628-3252","","","","https://kanetora.jp/","yfz}bv","","EYHi","jEj","","","","","","","","","L","","","","","JcI","",""
"1289","222127","2025000115","","s","iLj}CY","}CXCT","","","skl78-1","","34.865083","138.324517","","","","8:30`17:30","","","`gIgIWyYzBnYYiB","","","3","","","054-621-1112","","","","https://maruiyaizu.com/","yfz}bv","","EYHi","jEyj","","L","","Z","","","","oAtbgCXBhAPB","L","","","","","}O;To","",""
"1288","222127","2025000114","","s","ijvX","LE{VVEe","","","s6-5-7","","34.864166","138.318596","","","","8:00`17:00","","","XBYgpSSiBhAnAw\XBhttps://kyuboshi.com/","","","2","","","054-628-3279","","","","https://kyuboshi.com/","yfz}bv","","EYHi","jEyjExO","","","","","","","","qXOKHO                 ","L","","","","","JcI","",""
"1287","222127","2025000113","","s","ijrshT[@iOmHij","GXeB[ACT[","","","s5-7-3","","34.861651","138.317749","","","","8:00`17:00","",""," n70NA{jvXcilHAiByYB","","","T","","","054-628-7211","","","","https://www.stisanyo.com/","yfz}bv","","EYHi","yjEjEjiyjscj","","","","","","","","","L","","","","","}O","",""
"1286","222127","2025000112","","s","JlC`Y","JlC`XCT","","","s{1-6-23","","34.869697","138.323213","","","","9:00`17:00","","","lXBNEYiXB`B","","","8/^vk","","","054-627-7596","","","","https://www.yaizu.gr.jp/spot/2843","yfz}bv","","EYHi","jE8/14`16ENn","","L","","Z","","","","X[vLAXiA\LB","","","","","","}O;JcI;Gr;VX","",""
"1285","222127","2025000111","","s","X","iJQVEe","","","sh1-5-18","","34.872426","138.31274","","","","8:00`16:30","","","na31NBYEBCy^B","","","6","","","054-628-4520","","","","https://nakagen-tsukudani.jp/","yfz}bv","","EYHi","jEj","","","","","","","","","L","","","","","}O;JcI;To","",""
"1284","222127","2025000110","","s","iLjHi","}ZCVNq","","","s`3-5-1","","34.873334","138.326103","","","","13:30`15:30@iNv\j","","","h{_BAipB","","","3","","","054-629-2068","","","","https://datemaki-marusei.com/","yfz}bv","","EYHi","Nx","","","","","","","","","L","","","","","","",""
"1283","222127","2025000109","","s","uvs{O","ggCdVNVz`EV}GAV","","","s{2-16-32@","","34.8677415","138.3234005","","","","p9:00`16:00i7`99F00`17:00j","","","CyBp^IQB
pAx~\XB
","","","","","iFsHj","054-626-2155","","","","https://www.yaizu.gr.jp/spot/1723","yfz}bv;054-626-6266iFijsj","A","","JVy{_ENNni12/29`1/3j","","","","","","","","","L","1","","","","","",""
"1282","222127","2025000108","","s","JRwO","WFCA[CdGL}GAV","","","sh1-1-4","","34.871741","138.318203","","","","p9:30`16:00i7`9 9:30`17:00j","","","CyBp^IQB
pAx~\XB
","","","","","iFsHj","054-626-2155","","","","https://www.yaizu.gr.jp/spot/1720","yfz}bv;054-626-6266iFijsj","A","","JVy{_ENNni12/29`1/3j","","","","","","","","","L","1","","","","","",""
"1281","222127","2025000107","","s","@","CdVEtNm","","","sV241-1","","34.855104","138.285167","","","","6:00`24:00^It23:10 ","","/l1000~El300~@yjEjEj/l1100~El350~@R[X@","lHY_IVCBTEi7DCBH[B","","","185","","","054-620-4126","","","","https://www.shoufukunoyu.jp/","yfz}bv","A","","Nxi_xLj","","L","Z","Z","","Z","Gx[^[","X[vAAGx[^[","L","","","","","","",""
"1280","222127","2025000106","","s","Ohze","CdOhze","","","sl1489","","34.883258","138.337117","","","","11:30`14:00iHj13:00`14F30iAj@@","","H/l3,300~ij`@/1,000~","IVCxmRExp]B
poB
","","","100/^vk","","","054-627-1121","","","","https://www.sn-hotels.com/ygh/","yfz}bv","A","","Nx","","L","Z","Z","","Z","","X[vAIgCRAV[`FALB","L","1","","","","","",""
"1279","222127","2025000105","","s","zeArAt","zeArAVEtEJN","","","slCu","","34.884753","138.337298","","","","11:30`14:00iHj13:00`15:00i/`Ej12:00`j","","S/Zbgv@l3,900~`iH{jO@Hp550~ioX^IEtFCX^Itj1,100~","C90IVCAnxmxptbVI","","","150/^20","","","054-628-3131","","","","https://www.syofukaku.com/","yfz}bv","A","","Nx","","L","Z","Z","Z","","","qLBGx^[AX[vAgCL","L","1","","","","","",""
"1278","222127","2025000104","","s","Tze","JmCzeCd","","","sl1375-2","","34.883084","138.333097","","","","10:30`15:00iIt14:00jj13:00`","","ijl700~/l350~@iyjEzewjl900~/l450~","xpAsXW]CZ殒iB","","","60","","","054-627-0661","","","","https://kamenoi-hotels.com/yaizu/","yfz}bv","A","","","","L","Z","Z","Z","","","ALBoAt[qBqVstg","L","1","","","","","",""
"1277","222127","2025000103","","s","GL`JE","GL`JIZNVI","","","sh1-13-1","","34.870382","138.317362","","","","10:00`9:00","","t[^C1,7000~AR[X800~","TEi[lCI[g[WETEiBCyyXgCu[XyXB","","","120","","","054-627-7200","","","","http://spa-kuroshio.com/","yfz}bv","A","","sxiN3_Axj","","","","","","","","","L","1","","","","","",""
"1276","222127","2025000102","","s","","giJJ","","","swk1-14-7","","34.874565","138.321685","","","","JtF10:00` 20:00iLO.19:30j@10:00`20:00iIt19:30j",""," @l490~@liwj200~@li6j100~","KSj[AIsB|490~yBuKJtFvVoIu^[vuvuvuvuyvB","","","35","","","054-628-4397","","","","https://nakamurakan.co.jp/","yfz}bv","A","","j","","L","","Z","","","","","L","1","","","","","",""
"1275","222127","2025000101","","s","TCt","TCCtCd","","","s`3-3-12","","34.87382","138.325179","","","","9:00`21:00iIt20:30j","","l560~/l340~ipsj","LXCIVCBcgSB","","","@87EQp3","","","054-627-3377","","","","https://sunlifeyaizu.jp/","yfz}bv","A","","jijxjENNn","","L","Z","","","Z","","QpiBIgCL","L","1","","","","","",""
"1274","222127","2025000100","","s","{eBAKCh@l","JRE{eBAKChCdJREAiCjmJC","","","sh1-2-14","","34.871523","138.318804","","","","8:30`17:15","","B","_nAYnElAvocvB
","","","","","i@ijsj@","054-626-6266","","","","https://www.facebook.com/yaizukankouannainin/","yfz}bv","E","wE","NNn","","","","","","","","","L","","","","","","",""
"1273","222127","2025000099","","s","c","AT_iVG","","","s2238","","34.8126568","138.2617999","","","","7{?9{@11:00?15:00(Vx)","","","liusBBeT[rXtsB","","","T","","","090-1235-1409","","","","https://asadanashien.com/","yfz}bv","E","wE","j","","","","","","","","","L","","","","","","",""
"1272","222127","2025000098","","s","YHZ^[","CdXCTJREZ^[","","","syEq1280-2","","34.8168061","138.3215847","","","","9:00`11:00^13:30`15:30","","F300~@wEkE","HwAvZXEHgwBv\","","","TA^Q","","","054-624-2111","","","","https://www.yaizufpc.or.jp/","yfz}bv","E","wE","yjAGENNnwx@R`6","","L","Z","Z","","Z","","","L","","","","","","",""
"1271","222127","2025000097","","s","u[x[K[f","u[x[K[fCd","","","sF3O","","34.824135","138.308618","","","","yEEj 9:30 ` 17:30  E 10:30`16:30 i6{ ` 8{ XLj","","w 2,000~@w 1,500~@4 500~@4","50850{u[x[_nHBJtFJtFp\svBv\B","","","20","","","080-8040-9465","","","","https://www.bbyaizu.com/","yfz}bv","E","wE","jEjEj","","L","","Z","","","","","L","","","","","","",""
"1270","222127","2025000096","","s","HiTv Tv","VNqTv^CPAICTv","","","sIX362-3","","34.839332","138.305367","","","","9:00`12:00iLO11:00j13:00`17:00iLO15:00j","","2,000~`(v\j","lqyHiTv!!eruvII","","","10/^2","","","054-624-8645","","","","http://www.aoisample.com/","yfz}bv","E","wE","sx","","L","Z","Z","","","","HiBgCB","L","","","","","","",""
"1269","222127","2025000095","","s","tX","zyV@+F174:AP174","","","sVc1005-5","","34.839564","138.286052","","","","9:30`17:00","","","AGSnyGSHOPIHwACy","","","8E^2@","","","054-624-9669","","","","https://www.matsubatatamiten.jp/","yfz}bv","E","wE","jEjEj","","","","","","","","","L","","","","","","",""
"1268","222127","2025000094","","s","KXH[ z","CdtLKXRE{EcLIE","","","sl2-3-15","","34.878129","138.328383","","","","10:00`16:00ij","","4,500~","1100nKXABEiKXBi1g@3lj","","","T","","","E-mail:izumi@tsukiomou.com","","","","https://tsukiomou.com/","yfz}bv","E","wE","sx","","L","Z","Z","","","","nfBLbvBCyk","L","","","","","","",""
"1267","222127","2025000093","","s","@k_itj","~JK^`oimEG","","","sg@n","","34.900604","138.331152","","","","9:00`vi10{`12{j","","l1,100~@w700~icLj","uvtAyB","","","p(120A^2j","","","054-628-2453","","","","","yfz}bv;yAz090-6585-0906","E","wE","x","","","","","","","","","","","","","","","",""
"1266","222127","2025000092","","s","X@l`@@","V~m~ZLR~jME~r","","","s{5-13-4","","34.861656","138.322016","","","","10:00`17:00","","l`iAJ^3,500~`AXgbv2,500~j","uvl`IWijl`B","","","6","","","054-628-9015","","","","https://kimekomi-miyabi.com/","yfz}bv","E","wE","sx","","","","","","","","","L","","","","","","",""
"1265","222127","2025000091","","s","t@Ng[","q~~bRmZC`EIKVX^[","","","sh2- 6-7","","34.874654","138.311495","","","","11:00`17:00","","\gbN350~AO|eg600~A~n[g350~AACX250~","ZX@oXIOHA@K`_AG^[eCgyB","","","3","","","054-660-3939","","","","https://www.hiremimikko.com/","yfz}bv","E","wE","yjEjEjic\j","","","","","","","","","L","","","","","","",""
"1264","222127","2025000090","","s","fBXJo[p[NVw","fBXJo[p[NCdeJKNJ","","","scK2968-1","","34.821132","138.330008","","","","9:00`17:00AyjEjEj10:00`19:00iZXj","","vl^EAWEL","V]AFfvl^EA^wWBxmRiB","","","280/^3","","","054-625-0800","","","","https://www.discoverypark.jp/","yfz}bv","E","wE","jijxjANNnAx","","L","Z","Z","","Z","","n[gr@KzBBIgCLBGx[^[LB","L","","","","","","",""
"1263","222127","2025000089","","s","^[gNipE j","^[gNRhJ","","","sh5-1-1","","34.868481","138.320857","","","","9:00@`@19:00@ip10:00`16:00j","","iApLj","0100yG{^pAGEVEwH","","","30","","","054-631-6165","","","","https://yaizu-kodomokan.com/","yfz}bv","E","wE","jijxjENNn","","L","Z","Z","Z","Z","Gx[^[","","L","","","","","","",""
"1262","222127","2025000088","","s","@iVijG","`EgNWSEeWEmG","","","s20","","34.789896","138.278203","","","","Qq9:00`17:00","","q","usveiVGHJlAvs5MB@","","","30/^5","","","054-622-0745","","","","https://www.yaizu.gr.jp/spot/2135","yfz}bv","E","","Nx","","L","","","Z","","","","","","","","","","",""
"1261","222127","2025000087","","s","M[","M[NXNX","","","s1068","","34.8167293","138.2586876","","",""," 10:00`18:00","","","CutVvBuijv恸SiA[gi300_WB","","","Q/}CN1","","","054-631-9696","","","","http://www.iwasaki-parody.jp/","yfz}bv","E","","j(jk)","","","","","","","","","L","","","","","","",""
"1260","222127","2025000086","","s","v","`ELEW","","","scKk342","","34.8344789","138.3278513","","","","9:00`18:00","",""," 1644N@BTGAsB","","","30","","","054-624-5396","","","","https://www.instagram.com/chokyuji_yaizu/","yfz}bv","E","","Nx","","","","","","","","","L","","","","","","",""
"1259","222127","2025000085","","s","@n C@","gNKP`NKmeRKW]E\JC]EW","","","s6-21-4","","34.852933","138.312122","","","","Qq9:00`17:00 @@@","","q","unveA723J@vAVjB_AxSnB","","","32/^5","","","054-620-3588","","","","https://www.kaizouji.com/","yfz}bv","E","","Nxi@vsLj","","","","","","","","","L","","","","","","",""
"1258","222127","2025000084","","s","Jbp","^b`mJbpJ","","","sZ746-2","","34.846169","138.288491","","","","10:00`17:00","","l300~El200~ ","JbpRNV EMlXFIi?EyB","","","Si^Pj","","","054-629-8131","","","","https://tacchan.cc/","yfz}bv","E","","Nx","","","","","","","","","L","","","","","","",""
"1257","222127","2025000083","","s","ij_@@","iwWW","","","sl3-12-13","","34.880521","138.335989","","","","Qw:9:00`17:00","","q","1500NBEJ^AvBllCB@","","","6","","","054-628-6049","","","","https://nahe-shrine.jimdofree.com/","yfz}bv","E","","sx","","","","","","","","","L","","","","","","",""
"1256","222127","2025000082","","s","@彐SS@","_CJNW[VC","","","soP-19-1","","34.8782438","138.2976652","","","","9F00`16:00","","qiclLv\j","u{v{BNSBsB@E","","","20/^6@","","","054-628-1811","","","","http://www.daikakuji-zenshuin.jp/","yfz}bv","E","","sx","","L","","","","Z","","","L","","","","","","",""
"1255","222127","2025000081","","s","_@","CdWW","","","s2-7-2","","34.864938","138.314083","","","","Qw:/:9:00`16:45","","q","n1600NO`B812E13sCrB@E","","","40","","","054-628-2444","","","","https://yaizujinja.or.jp/","yfz}bv","E","","Nx","","L","Z","Z","","Z","","","L","","","","","","",""
"1254","222127","2025000080","","s","","CdMMEVEJ","","","s`2-6-13","","34.87106","138.323956","","","","8:30`12:00/13:00`16:30","","l300~isZjEl","WBDubWB","","","T","","","054-620-0080","","","","https://www.yaizu-gyokyo.or.jp/gyokyo/museum/","yfz}bv","E","","jEjEjEGENNn@","","","","","","","","","L","","","","","","",""
"1253","222127","2025000079","","s","LO","ioLlJ","","","s`5-9-25","","34.874101","138.327262","","","","9:00`12:00/13:00`17:00@iyjcjv\B","","","umVvAu_AvB]iXB","","","T","","","054-627-1215","","","","https://fukuichi-world.jp/about/nanvan/","yfz}bv","E","","jEj","","","","","","","","","L","","","","","","",""
"1252","222127","2025000078","","s","cV`","tWm^A\rfVEJ","","","s686-2","","34.811091","138.29961","","","","3j 9:00`15:00ij","","","dv`ucVv`{B^WB
","","","20","","iFsjj","054-629-6847","","","","https://www.city.yaizu.lg.jp/museum/rekimin/bunkazai/shitei/minzoku/c01.html","yfz}bv","E","","","","L","","Z","","","","AX[vL","","","","","","","",""
"1251","222127","2025000077","","s","sj","CdVLV~]NVEJ","","","sOP1550","","34.864639","138.306166","","","","9:00`17:00","","","WyjEyTWR[i[uBNWJB","","","500i痪堇Lj","","","054-629-6847","","","","https://www.city.yaizu.lg.jp/museum/rekimin/index.html","yfz}bv","E","","jijxjENNnEW","","L","Z","Z","Z","Z","","gpX[voBLBtbgBIgC","L","","","","","","",""
"1250","222127","2025000076","","s","_LO","CdRCY~NLlJ","","","sOP1550","","34.864462","138.306554","","","","9:00`17:00","","","A_NAnAnAeAfB","","","500i痪堇Lj","","","054-620-0022","","","","https://www.city.yaizu.lg.jp/museum/yakumo/index.html","yfz}bv","E","","jijxjENNnEW","","L","Z","Z","","Z","","gpX[voBLBtbgBIgC","L","","","","","","",""
"1249","222127","2025000075","","s","nrW^[Z^[","niU`NrW^[Z^[","","","s33","","34.904967","138.330182","","","","9:00`16:00(GX)","","","W`ICBwAnjmB","","","p(120A^2j","","iFsjj","054-629-6847","","","","https://www.city.yaizu.lg.jp/museum/rekimin/bunkazai/hanazawanosato/visiter-center.html","yfz}bv","E","","jijx)EJV@X","","","","","","","","","L","","","","","","",""
"1248","222127","2025000074","","s","","niUmTg","","","sH373-1i@j","","34.899917","138.332529","","","","","","","RWjIiBdv`IQnBjIwurW^[Z^[vB
https://www.city.yaizu.lg.jp/museum/rekimin/index.html","","","p(120A^2j","","iFsjj","054-629-6847","","","","https://www.city.yaizu.lg.jp/museum/rekimin/bunkazai/hanazawanosato/hozon-chiku.html","yfz}bv","E","","","","","","","","","","","L","","","","","","",""
"1247","222127","2025000073","","s","[w~[WAEE{","V\EXC~[WAE_cGVZc","","","sP136-24","","34.85869","138.325905","","","","[w~[WA9:00`17:00iI16:45j@E{10:00`15:00","","i~[WAj","{[xp[wwAIIO\NV[CWBE{xp[w2B","","","13i~nj","","","054-620-5782","","","","https://www.city.yaizu.lg.jp/museum/shinsosui/index.html","yfz}bv","E","","jijxjENNn","","L","Z","Z","Z","Z","","LBIpgCLBoA_ubNLB","L","","","","","","",""
"1246","222127","2025000072","","s","YECmZpWuv@","VYIJPXCTJCEMWcPLEWeWVcE~V","","","sP136-24","","34.859129","138.325268","","","","9:00`16:30","","","YLCvWFNV}bsOWB
","","","40/^vk@","","","054-627-1816","","","","https://fish-exp.pref.shizuoka.jp/06information/6-2-4.html","yfz}bv","E","","NNn@JxEgQxx","","L","Z","Z","Z","Z","","tbg","L","","","","","","",""
"1245","222127","2025000071","","s","li_j","n}hIiNhIj","","","sklAVAP","","34.861959","138.323947","","","","","","","mAYHnBHcB_nAu_vBhttps://www.city.yaizu.lg.jp/museum/rekimin/bunkazai/hama-dori/index.html
","","","","","iFsjj","054-629-6847","","","","https://www.yaizu.gr.jp/spot/1386","yfz}bv","E","","","","","","","","","","","","","","","","","",""
"1244","222127","2025000070","","s","vU","CdgNTvU","","","s136-26@`PF","","34.856844","138.326553","","","","9:00`17:30","","","YWXBYiAiB","","","162/^3","","","054-626-1561","","","","https://www.yaizu-uonaka.or.jp/plaza/","yfz}bv","","","@Nnx","","L","Z","Z","Z","Z","","","","","","","","","",""
"1243","222127","2025000069","","s","ijCdciR[v@X","CdMLE`NneCdciR[v","","","sP136-26`PF","","34.856827","138.326573","","","","8:00`17:00","","","}OAJcIACYyYiByiB","","","162/^3","","","054-629-7393","","","","https://www.yaizu-gyokyo.or.jp/tunacoop/","yfz}bv;054-629-7388","","EYHi","jijxjENni1/1`3j","","L","Z","Z","Z","Z",""," `","L","","","","","}O;JcI","",""
"1242","222127","2025000068","","s","Vq","ggVxG","","","sP136-26@`QF","","34.85678","138.326718","","","","11 :00`15:00(X14:15@LO.14:30)/iyjEjj17:00`21:00@X","","","xmR]{iCNBBQBiFNxBhttps://www.totoya-bbq.com","","","162/^3","","","054-629-3551","","","","https://totoya-bbq.com/","yfz}bv","H","aH","j","85l","L","Z","Z","Z","Z","","`lpAIgCAGx[^[AoLB","L","","","","","}O;JcI;EiM;To","",""
"1241","222127","2025000067","","s","","}O`","","","sP136-26@`QF","","34.856864","138.326515","","","","11 :00`16:00iLO.15:00j/17:00`21:00iLO.t[h19:30EhN20:00jVNI@scBTELyHPJ_[Q","","","cuCNaHXgvBuvVRxpnI","","","162/^3","","","054-270-5811","","","","http://magurocyaya.jp/","yfz}bv","H","aH","j(jx)","88l","L","Z","Z","Z","Z","","`lpAIgCAGx[^[AoLBHO\B","L","","","","","}O;Gr;VX;To","",""
"1240","222127","2025000066","","s","ij@HX","JiIREWE`NoCe","","","sV15","","34.860247","138.323534","","","","7:00`17:00","","","yf[^pzYHHiB","","","2","","","054-628-2306","","","","https://kawanao.shopinfo.jp/","yfz}bv","","EYHi","sx","","","","","","","","","L","","","","","JcI","",""
"1239","222127","2025000065","","s","ij@Z^[X","JiICdTJiZ^[e","","","s4-13-7","","34.879721","138.303291","","","","9:00`17:00","","","YHHiBB","","","Z^[","","","054-627-7928","","","","https://kawanao.shopinfo.jp/","yfz}bv","","EYHi","uTj","","L","Z","Z","Z","Z","","","L","","","","","JcI","",""
"1238","222127","2025000064","","s","","}OmEIj","","","s413-7@Z^[X","","34.8804373","138.3036209","","","","9:00`17:00","","","VRALxXB","","","Z^[","","","054-627-0222","","","","https://uoni.co.jp/","yfz}bv","","EYHi","uTj","","L","Z","Z","Z","Z","","","L","","","","","","",""
"1237","222127","2025000063","","s","H","}OVNhE","","","s413-7@Z^[T[rXB-1","","34.8809095","138.3035557","","","","j`j@9F00`14:30@@yj@9F00`16:30","","","XcHBIVNliHB","","","Z^[","","","054-627-0228","","","","https://uoni.co.jp/maguro-ya/","yfz}bv","H","aH","Bx","50l","L","Z","Z","","Z","Xi","","L","","","","","","",""
"1236","222127","2025000062","","s","","TXC","","","s413-7@Z^[","","34.8800734","138.3025941","","","","9:00`17:00","","","`d{VNA30CNAiAiyB","","","Z^[","","2Xi1X054-629-3375j","054-625-8873","","","","https://www.sansui-yaizu.co.jp/","yfz}bv","H","","uTj","38l","L","Z","Z","Z","Z","","Z^[","L","","","","","","",""
"1235","222127","2025000061","","s","Z^[Huv","TJiZ^[_CVNhEiMT","","","s4-13-7","","34.879668","138.303691","","","","11:00`LO14:00/yEEj10:30`LO.15:00@","","","3`iEEjgCKCNI","","","600/^25","","","054-628-1137","","","","https://www.sakana-center.com/dining/","yfz}bv","H","aH","E{_x","700l","L","","Z","","","","Z^[ALBiBHB","L","","","","","}O;JcI;Gr;VX","",""
"1234","222127","2025000060","","s","Z^[","CdTJiZ^[","","","s4-13-7","","34.880115","138.303253","","","","9:00`17:00","","","FlA40NIEHEHX50XW^VbsO[","","","600/^25","","","054-628-1137","","","","https://www.sakana-center.com/","yfz}bv","","EYHi","E{_x","","L","Z","Z","Z","Z","opCX","gpLBiggCRLBB","L","","","","","}O;JcI;Gr;VX;To","",""
"1233","222127","2025000059","","s","SUMARU SAUNA","X}TEi","","","s`3|1|16@PORTERS PF","","34.8731567","138.3246723","","","","F9:00`23:00@yEjF9:00`23:00iI21:00j","","","`]ijpTEiBJtFpBCNhNAfU[gyB","","","PORTERS","","","054?330?8283","","","","https://sumaru-sauna.jp/","yfz}bv","","","jAj","12l","","","","","","","","L","","","","","}O","",""
"1232","222127","2025000058","","s","","RtN","","","s`3-1-16@PORTERS1F@t[hR[gA02	","","34.8731446","138.324673","","","","9:00`15:00","","","j[ghACHgpj[WJB","","","PORTERS","","","090-3349-5029","","","","https://www.instagram.com/komefuku_yaizu/","yfz}bv","H","aH","jEj(jc)","","L","Z","Z","Z","Z","","","L","","","","","","",""
"1231","222127","2025000057","","s","PORTERS","Cd|[^[Y","","","s`3]1-16","","34.8731446","138.324673","","","","10:00`17:00","","","`Aqmx[VV_It[hR[gAdcR[LOXy[XTEih{I[vB","","","20","","","054-631-6016","","","","https://yaizuporters.jp/","yfz}bv","X|[c","{","eeig","46l(1Ft[hR[g)","L","","","","Z","","","L","","","","","","",""
"1230","222127","2025000056","","s","_CjOo[@VinoIVinoI","_CjOo[@B[mB[m","","","sh1-1-32AsIrPF","","34.8724824","138.3193972","","","","18F00`24F00","","","CyAB","","","","","","054-631-9353","","","","https://www.at-ml.jp/10804444/","yfz}bv","H","iCg","j","25l","","","","","","","","L","","","","","","",""
"1229","222127","2025000055","","s","Daisy Cocktails","fCW[JNeY","","","sh6-3-17","","34.869346","138.3173438","","","","`11:00`Iij`jj17F00`24F00","","","iBtbVt[cJNenC{[lXJNe\B","","","4","","","054-626-1030","","","","https://daisy-cocktails.com/","yfz}bv","H","iCg","j","13l","","","","","","","","L","","","","","}O","",""
"1228","222127","2025000054","","s","ohnEX@","i}ohnEX~igU","","","sh1-6-12","","34.870854","138.318035","","","","19:00`24:00","","","yj存oht!!yzo`!!
","","","","","","054-627-7205","","","","http://www.minatoza.jp/","yfz}bv","H","iCg","j","70l","L","","Z","","","","i","L","","","","","","",""
"1227","222127","2025000053","","s","EW@}K","EW}K","","","sh1-8-14fCW[r101","","34.871194","138.316711","","","","19:30`24:00iLO.23:00j","","","wk3BCEWB","","","1","","","054-628-8990","","","","https://www.youtube.com/channel/UChhGp_xxr2VxUeJ5y6WY4uQ","yfz}bv","H","iCg","j","20l","","","","","","","","L","","","","","","",""
"1226","222127","2025000052","","s","zyV@","EKN{Eno","","","s2-4-4@C[X[r102","","34.8651997","138.3154476","","","","17:00`23:30iLO.22:30j","","","nAAn`dVNApAB","","","6","","","054-625-8085","","","","https://www.instagram.com/harebare817/","yfz}bv","H","","j","22l","","","","","","","","L","","","","","","",""
"1225","222127","2025000051","","s","@V","CUJP{E","","","sh1-5-17","","34.871382","138.318529","","","","18:00`24:00iLO.23:00j","","","CyAbgz[BnHB","","","","","","054-626-3192 ","","","","","yfz}bv","H","","j","24l","","","","","","","","","","","","","}O;JcI;Gr;VX","",""
"1224","222127","2025000050","","s","Y@","X~rCUJK","","","sh1-8-20","","34.871337","138.316711","","","","17:00`26:00iLO.24:45j","","","Abgz[CBYSBlyB","","","","","","054-628-8116","","","","https://yaizuwagaya.jimdofree.com/","yfz}bv","H","","jEj","10l","","","","","","","","L","","","","","","",""
"1223","222127","2025000049","","s","@Cd~","^RNZLCUJCd~","","","sh1-2-12","","34.871488","138.318648","","","","17:30`24:00iLO.t[h23:00@hN23:30j","","","ANtgr[II","","","","","","054-626-2500","","","","https://r.gnavi.co.jp/hmeu0zgz0000/","yfz}bv","H","","j","34l","","","","","","","","L","","","","","","",""
"1222","222127","2025000048","","s","PCHIGOiC`S[j","C`S[","","","sh6-3-19","","34.869588","138.317458","","","","17:00`24:00iLO.23:00j","","","80`100{{hgAInJIB","","","8","","","054-625-9015","","","","https://www.instagram.com/1chigo.yaizu/","yfz}bv","H","","jEsx","60l","","","","","","","","L","","","","","}O;JcI;VX;To","",""
"1221","222127","2025000047","","s","X}C","^RLAhX}C","","","sh1-5-17rPF","","34.871397","138.318444","","","","j`yj11:00`14:00A16:00`24:00@jEj10:00`19:00","","","HH^CAbvB{B","","","","","","080-9472-6286","","","","https://www.instagram.com/tako__suma/","yfz}bv","H","","j","6l","","","","","","","","","","","","","","",""
"1220","222127","2025000046","","s","Caff? maar","JtF}[","","","sF115","","34.821976","138.311","","","","11:00`18:00(LO.17:30)","","","凄鬣坂yIyHL","","","X","","","","","","","https://www.instagram.com/caffe.maar/","yfz}bv;mail:caffemaar0@gmail.com","H","iXEJtF","jE3j","12l","","","","","","","","L","","","","","","",""
"1219","222127","2025000045","","s","yM","yM","","","scK1366","","34.831962","138.334996","","","","10:00`21:00@jEyjEj10:00`23:00","","","iXI凄鬣坂I`AyHAP[LZbgAptFAeCNAEgoI","","","12","","","054-624-3799","","","","","yfz}bv","H","iXEJtF","jE1E3j","25l","","","","","","","","","","","","","","",""
"1218","222127","2025000044","","s","JtF","iMJtF","","","s2-1-10","","34.8579842","138.3178055","","","","11F00?16:00i`^C14:00j","","","VcAZbglCJtFBX","","","15","","","054-629-3244","","","","https://yanagiyacafe.com/","yfz}bv","H","iXEJtF","jEjENn","16l","L","Z","Z","","","","","L","","","","","","",""
"1217","222127","2025000043","","s","JtF@ZT","JtF@ZT","","","sOP1194-4","","34.8634231","138.3051232","","","","11:00?17:30","","","sZ^[B~JtF[gR[q[AP[LAThCb`yHB","","","15","","","054-626-4098","","","","https://www.instagram.com/cafecereza_yaizu/","yfz}bv","H","iXEJtF","jEj","20l","","","","","","","","L","","","","","","",""
"1216","222127","2025000042","","s","[cafe","A^r[JtF","","","sl4-13-18","","34.880687","138.334368","","","","11:00`17:00","","","CHAiocafeB","","","20","","","054-639-6768","","","","https://www.instagram.com/atabee0409","yfz}bv","H","iXEJtF","jEsx","18l","","","","","","","","","","","","","","",""
"1215","222127","2025000041","","s","toiro cafeio^L`ucZvj","gCJtF","","","sl1-14-14il1492j","","34.880452","138.329912","","","","11:00`14:30iLO.14:00j","","","X\l\FLX^bt
DCJtFB","","","15","","","054-639-5300 ","","","","https://r.goope.jp/toirocafe","yfz}bv","H","iXEJtF","jEjENNn","24l","L","","Z","Z","Z","","","L","","","","","","",""
"1214","222127","2025000040","","s"," Jg[I[uEbooks","niUmTgJg[I[uElEubNX","","","s18","","34.907161","138.330533","","","","10:00`16:00iLO.15:30j","","","2K{GubooksvB","","","
pB","","","080-5139-3670","","","","https://www.instagram.com/countryoven_niwacafe/","yfz}bv","H","iXEJtF","sx","20l","","","","","","","","L","","","","","","",""
"1213","222127","2025000039","","s","100 Jamaica Blue Mountain Coffee & Chocolate LENY","qNp[ZgW}CJu[}EeR[q[Ah`R[g@j[","","","s{4-710-19","","34.8637549","138.3211347","","","","F9:00`18:00@yEjF7:00`18:00","","","{o100u[}EeR[q[","","","6","","","054-625-8770","","","","https://www.leny.coffee/","yfz}bv","H","iXEJtF","j","8l","","","","","","","","L","","","","","","",""
"1212","222127","2025000038","","s","iAn","LbTAn","","","s{3-9-26","","34.8656579","138.3223648","","","","10F00`LO.16:30","","","XR[q[AP[LBYWi20@[iD]jAYB","","","6","","","054-628-5545","","","","https://www.yaizu.gr.jp/spot/2860","yfz}bv","H","iXEJtF","jEj","15l","","","","","","","","","","","","","","",""
"1211","222127","2025000037","","s","Zentra Yoga StudioKarma Cafe iJ}JtFj","[gKX^WIAhJ}JtF","","","s{2?16?45","","34.86759","138.322771","","","","10:00`17F00","","","xW^A`j[iJ[AxWkALbVjXC[cA凄鬣坂ChE^CGB","","","9","","","054-631-5103","","","","https://www.zentrayoga.com/karma-cafe","yfz}bv","H","iXEJtF","j","16l","L","","Z","","","","","L","","","","","","",""
"1210","222127","2025000036","","s","PIGE CAFE  CookiePigewOX","sQJtFAhNbL[sQCdGL}Ge","","","sh4-1-6","","34.8702324","138.3196831","","","","10:00`18:00i`^C11:00`14:00j","","","`[YsQvf[XJtFB`[Yt[hXC[cANbL[XNbL[B","","","p[LOpT[rXnB","","","054-625-9931","","","","https://cheesepige.jp/","yfz}bv","H","iXEJtF","j","19l","","","","","","","","L","","","","","","",""
"1209","222127","2025000035","","s","EIGHT@COFFEE@iGCgR[q[j","GCgR[q[","","","sh1-2-10","","34.871325","138.318736","","","","8:00`17:00/yjEjEj8:00`18:00","","","wkPA[jOA`ij[FXBhNeCNAEgB","","","p[LO`PbgB","","","054-620-8668","","","","https://8coffee-yaizu.com/","yfz}bv","H","iXEJtF","j","55l","L","","Z","","","","xr[J[CXzi","L","","","","","","",""
"1208","222127","2025000034","","s","[c","[IJ_","","","s3570-7","","34.851165","138.324404","","","","7:00`14:00 iLO.13:45j/17:00`20:00iLO19:45j","","","Abgz[XBq1lXB","","","","","","080-9495-5385","","","","https://www.yaizu.gr.jp/spot/2864","yfz}bv","H","[","jE4jiAjcj","23l","","","","","","","","","","","","","","",""
"1207","222127","2025000033","","s","Soupmen","X[v","","","sh1-5-14","","34.871275","138.318143","","","","11:00`14:00iLO.13:50j/18:00`26:00iLO.25:30j","","","^OTCg2020A212NASXX]BlC插y[B","","","","","","054-639-5990","","","","https://twitter.com/Soupmen2","yfz}bv","H","[","","33l","","","","","","","","","","","","","","",""
"1206","222127","2025000032","","s","H@CFbR","JmVN^NCFbR","","","s2-1-6","","34.859123","138.311635","","","","j?j `@11:30?14:30/j fBi[@17:30`21:00iLO.20:00j/yjEj@11F30`21:00iLO.20:00jI","","","{iICyyBR[i[L`LpiCjeCNAEg\B","","","3","","","054-637-9199","","","","https://www.instagram.com/yetgol.yaizu/","yfz}bv","H","","j","15l","","","","","","","","","","","","","","",""
"1205","222127","2025000031","","s","lXK[fY","CdVZneAhK[fY","","","s3-6-1","","34.856985","138.309737","","","","11:30?14:30(L.O.14:00) 17:00?20:30iL.O.20:00j yj17:30?21:00iL.O.20:00j","","","eq3p`I{ilXBK[fXgB
K[fXgB","","","60","","","054-253-1151","","","","https://www.sn-hotels.com/nag/","yfz}bv","H","","jijcj","120l","L","Z","Z","Z","Z","","","L","","","","","","",""
"1204","222127","2025000030","","s","Portugal cafe ","|gKJtFioeC","","","sl3]15-33","","34.87928","138.335027","","","","`@11:00?14:00
/eB[^C14:00`17:00/fBi[17:30?20:00ifBi[v\j ","","","OLCAHAlyB
","","","4","","","054-620-5199","","","","https://peraichi.com/landing_pages/view/nanbantei/","yfz}bv","H","mH","jEjErV","X15lEeX12lEK[f15l","","","","","","","","L","","","","","","",""
"1203","222127","2025000029","","s","OSASAYA","OTT","","","s4-9-19","","34.862991","138.313688","","","","11:00`LO.14:00/17:00`LO.21:00@X","","","SIu~ICXvu[CUvIXXI
","","","10","","","054-627-0234","","","","https://sasayaomuraisu.amebaownd.com/","yfz}bv","H","mH","j","40l","","","","","","","","L","","","","","JcI;To","",""
"1202","222127","2025000028","","s","JtFXg@R","JtFXg}VEeC","","","sh4-2-2","","34.869995","138.319785","","","","` 11:30`14:30iLO.14:00j
fBi[ 17:30`21:30 iLO.20:30j","","","wOXXmHXBR[q[ICXAXe[LACyB","","","1","","","054-629-0730","","","","","yfz}bv","H","mH","jEj","18l","","","","","","","","","","","","","","",""
"1201","222127","2025000027","","s","Piatto Alla Carta Senta!isAbg@Ab@J^@Z^Ij","sAbgAbJ^Z^","","","sh1-8-13FrPKE","","34.871106","138.316886","","","","17:00 ` 24:00(LO.23:00)","","","wC^AXB
C^AeBCB
","","","2","","","054-620-9911","","","","http://www.ceres.dti.ne.jp/mon/","yfz}bv","H","mH","j","35l","","","","","","","","L","","","","","","",""
"1200","222127","2025000026","","s","mucho Mexican Dining","[`LVJ_CjO","","","sh1-8-14@fCW[rQe","","34.8711937","138.3167112","","","","17F00`24F00iLO.23:00 jjEj 17:00?23:00 (LO.22:00)","","","I{iLVJ_Ci[Bwk2BCyB","","","","","","054-269-4134","","","","https://www.instagram.com/yaizu.mucho/","yfz}bv","H","mH","jEjiEEjAcLBCX^Qj","40l","","","","","","","","L","","","","","","",""
"1199","222127","2025000025","","s","@","C\E~ig","","","s2153","","34.779478","138.296555","","","","11 :00`14:00iLO.13:50j/17:00`21:00iLO.20:30j","","","`lGXVN{KyB","","","20/^1","","","054-622-0362","","","","https://www.minatoya-ryouri.com/","yfz}bv","H","aH","jENNnExL","100l","L","Z","Z","","","","X\LBiBgCB","L","","","","","}O;Gr;VX;EiM","",""
"1198","222127","2025000024","","s","`cHuv","IICKREMLE`NGCVNhETN","","","s1960","","34.783553","138.294513","","","","10:30`14:00","","","SxpgGrOlggVNeI","","","50","","","054-622-0415","","","","http://www.oigawako-gyokyo.com/dining/","yfz}bv","H","aH","jEjEjijWj@~ENNn","60l","L","","Z","","","","X[vALB","L","","","","","Gr;VX","",""
"1197","222127","2025000023","","s","` X","CdRE@}CVEe","","","s@1474-3","","34.808816","138.2779","","","","Hugv:11:00`14:30iLO.14:00j@X:11:00`18:00","","","2023N6I[vIu{HvRZvgAVRSHXB","","","X~n  10@2@40@","","","054-631-4031","","","","https://yaizumaruiri.jp/","yfz}bv","H","aH","j","40l","L","Z","Z","Z","Z","","","L","","","","","","",""
"1196","222127","2025000022","","s","@V","}`EEiM","","","s]1450-1","","34.811408","138.274313","","","","11:00`15:00iLO.14:00 j/17:00`20:00iLO.19:00j","","","Vnu@vp`^AmZpB","","","30/^1@","","","054-622-0407","","","","https://unagi-maruchu.com/","yfz}bv","H","aH","j(jx)","90l","L","","Z","","","","oX[vALBHBgpgCB","L","","","","","EiM","",""
"1195","222127","2025000021","","s","C@M","JCZEtiS","","","scKk1628-2","","34.836264","138.335031","","","","11:00`15:00iLO.14:30) @LOfU[gOKBv/17:00`22:00iLO21:00j","","","aclCBVNnBHER[XEiEEqlj[E[EE@B","","","40/^4","","","054-624-5483","","","","http://www.funagoya.net/","yfz}bv","H","aH","j(jx)sxL","200l(L70lj","L","Z","Z","Z","","]p","iXBHBiBVlBjjgpgCLB","L","","","","","}O;JcI;Gr;VX;EiM;To","",""
"1194","222127","2025000020","","s","vxX","CLEIIg~e","","","s8-1","","34.837146","138.311254","","","","11:00`14:30iLO.14:00j","","","HOB`A`i`jYgpBGiyNNB","","","13","","","054-624-7111","","","","https://www.yaizu.gr.jp/spot/2845","yfz}bv","H","aH","jEjEj","32l","L","","Z","","","","JE^[e[uBgCXy[XB","","","","","","","",""
"1193","222127","2025000019","","s","{@dij","jzEiJWE","","","s768-4","","34.83613","138.302932","","","","11 :00`14:00/17:00`21:30","","","~eXBEE{iI{\B","","","40/^2","","","054-623-4568","","","","https://nakajyuu.jp/","yfz}bv","H","aH","j","15l@S\","","","","","","","","L","","","","","}O;EiM","",""
"1192","222127","2025000018","","s","@","gg","","","s5-2","","34.837373","138.308918","","","","11 :30`14:00(LO.13:30)/17:30`23:00iLO.22:00j","","","nA`tnBnpByB","","","20/^Q","","","054-623-7505","","","","http://yaizu-totoya.com/","yfz}bv","H","aH","jEsxLij","36l","L","","Z","","","","","L","","","","","}O;JcI","",""
"1191","222127","2025000017","","s","`ijH","RKREEIKVVNhE","","","s3392-9","","34.851005","138.326075","","","","7:00`14:00(LO.13:45)iyj10:00`14:00jX","","","nlgcXItAWXB}IILxj[B","","","40","","","054-624-6868","","","","https://www.yaizu-uonaka.or.jp/uogashi/","yfz}bv","H","aH","NNn","100l","L","","Z","Z","Z","","XtbgAAAiLB","L","","","","","}O;JcI;Gr;VX;To","",""
"1190","222127","2025000016","","s","}NjYZ^[X","}NjXCTCdTJiZ^[","","","s4-13-7","","34.8801987","138.3028146","","","","9F00`15F00","","","yI[vf[^pzJBu怙v@|dB","","","Z^[","","","054-626-8400","","","","https://www.yamakuni.info/","yfz}bv","","EYHi","uTj","","L","","Z","","","","Z^[","L","","","","","","",""
"1189","222127","2025000015","","s","H","CdqmVNhE","","","s1-3-17","","34.8819532","138.3068591","","","","9F00`14F00@H11F00`14F00iLO.13:45j","","","JYBu怙v@|dB","","","W","","","054-626-8400","","","","https://www.yamakuni.info/","yfz}bv","H","aH","j","15l","","","","","","","","L","","","","","","",""
"1188","222127","2025000014","","s","EEEJE^[Vw@g","tOJjJcMJE^[ev^`L`","","","s4-6-21","","34.861906","138.314144","","","","11 :30`14:00iLO13:30j/17:00`22:00iLO.21:00j","","","A`nEGR[XE~JE^[VwEBnTpB","","","20/^1","","","054-627-5771","","","","http://www.yaizu-tachikichi.com/","yfz}bv;yAz0120-185-771","H","aH","j(jx)","60l","L","Z","Z","","","","gCLACX","L","","","","","}O;Gr","",""
"1187","222127","2025000013","","s","EC","AJ}}JCeC","","","s{2-18-4","","34.866458","138.323408","","","","11:00`14:00iLO.13:45j/17:30`LO.20:30 (\E14:00@)@E@\O
","","","XEEslcXBCNAVRfB
","","","10/^k","","","054-629-1211","","","","http://plaza.rakuten.co.jp/mankai/","yfz}bv","H","aH","jisxj","PF24liEe[uj/2F60lij","L","","Z","","","","X[vLAXtbgBAAgCB","L","","","","","}O","",""
"1186","222127","2025000012","","s","","JN}","","","sh5-4-7","","34.86692","138.319981","","","","11:00`LO.13:30/17:00`22:00iLO.21:30j","","","doEE@\B
KH\B","","","10","","","054-628-4088","","","","https://kakuman.co.jp/","yfz}bv","H","aH","jE2j","60l","","","","","","","","L","","","","","}O;JcI;EiM;Gr","",""
"1185","222127","2025000011","","s","|X@","TJiKE}C~Z^CE}`","","","s`2-7-2","","34.870282","138.323865","","","","11:30`14:00iLO.13:30j/17:00`21F00iLO.20:30jHd","","","nVNeBMi18jAgB","","","11","","","054-629-1919","","","","https://www.yaizu.gr.jp/spot/1863","yfz}bv","H","aH","j(jx)","40l","","","","","","","","","","","","","}O;JcI;Gr;VX","",""
"1184","222127","2025000010","","s","H@g~","VNWhRg~","","","s`2-5-2","","34.871375","138.323641","","","","7:00`14:00/17:00`19:00","","","cBhgHE}OECNBAVB","","","4/^vk","","","054-628-4672","","","","http://shizuoka.j47.jp/tomiya/","yfz}bv","H","aH","j","20l","","","","","","","XgI[_[","L","","","","","}O;Gr","",""
"1183","222127","2025000009","","s","{@","VMEIC`","","","sh4-3-3","","34.869247","138.320254","","","","11:00`14:00@\","","","E`EEnBCNEEhgHeHEB","","","8","","","054-628-3662","","","","https://www.yaizu.gr.jp/spot/2130","yfz}bv","H","aH","sx","23l","","","","","","","","","","","","","}O;JcI","",""
"1182","222127","2025000008","","s","@","C\ENVI","","","sh6-7-8","","34.869172","138.316828","","","","11:30`15:00iLO.14:00j/17:00`22:30iLO21:00j@j17:00`21:00iLO20:00j","","","Eij[IH1,000~A2,000~@H2,420~`@Jugij8,250~iv\jJugij2,750~@","","","20/^","","","054-628-3918","","","","http://www.yaizu-kuroshio.com/","yfz}bv","H","aH","j(jx)","70l","L","","Z","","","","XBpgC","L","","","","","}O;JcI;Gr","",""
"1181","222127","2025000007","","s","","qgXL","","","sh1-8-13","","34.87115","138.316868","","","","11 :00`14:00/17:00`22:00","","","lleyBO[vllpB\}B`EjS\B","","","2","","","054-629-8011","","","","https://www.instagram.com/hitosuki8011/","yfz}bv","H","aH","sx","20l","","","","","","","","","","","","","","",""
"1180","222127","2025000006","","s","H@","VNWhRJh","","","s`3-4-31","","34.87393","138.325808","","","","11 :00`14:00iLO.13:30j/17:00`20:00iLO.19:30j","","","`iTCtjBhgMtXBCyHBHB ","","","15/^v\","","","054-628-4951","","","","https://www.yaizu.gr.jp/spot/1349","yfz}bv","H","aH","j(jx)Ej(Q)","40l","L","","Z","","","","OX[vLBgCLBqle[uLB","","","","","","}O;JcI;VX","",""
"1179","222127","2025000005","","s","i{X","XV~ze","","","sOa1167-2","","34.82795","138.297794","","","","11:00`14:00iLO.13:45j/17:00`21:00iLO.20:30j@@@@@","","","il^VRXBHeA(10`3)LB","","","20/^2","","","054-624-3030","","","","http://www.sushimi-honten.com/","yfz}bv","H","","j","110l","L","","Z","Z","Z","","iCXXBe[uA~HBCXgCLBXBdbBpB","L","","","","","}O;JcI;Gr;VX;To","",""
"1178","222127","2025000004","","s","` ^扉","CdREmVhRTNYV","","","s690-1","","34.835497","138.307914","","","","10:00`14:00 /17:00`20:00@jEjEjc@sxL@CX^Q","","","nXy^扉z]I|IRXgptH[}XAiCNB","","","8Ay1","","","054-660-5235","","","","https://sushi-yosaku.jimdosite.com/","yfz}bv","H","","jijxj","25l","L","","Z","","","","","L","","","","","}O;JcI;VX;To","",""
"1177","222127","2025000003","","s","","SL","","","sV996-4","","34.860062","138.2918208","","","","11F30`LO.13:30 /16:30`LO.21F00","","","n A{SdBiAgAyXB","","","20","","","054-627-5856","","","","https://gokin.jp/","yfz}bv","H","","sx","90l","L","","Z","","","","XJE^[","L","","","","","","",""
"1176","222127","2025000002","","s","Ei","ELYV","","","s2-5-16","","34.860281","138.309899","","","","11:00?13:30 j`/17:00?22:00iLO.21:30j","","","nYnil^B
B
","","","9/^@","","","054-627-3739","","","","http://www.yuki-zushi.com/","yfz}bv","H","","jE3j","32l","L","","Z","","","","iXBJE^[Ae[uCXHB","L","","","","","}O;JcI;VX","",""
"1175","222127","2025000001","","s","Ti","}cmYV","","","s{4-6-3","","34.86473","138.320935","","","","11:00`14:00(LO.13:30)/17:00`21:00iLO.20:30j","","","AVl^BCSIiBxsXiv\jB","","","10/^1","","","054-627-6666","","","","https://yaizu-matsunosushi.com/","yfz}bv","H","","j","40l","L","","Z","","","","X[vLBHB","L","","","","","","",""
